id,created_at,text,fav
1191424154064564224,2019-11-04 18:37:08,เดตเตเดณเตเดณเดฟเดฏเดพเดดเตเด เดฎเตเดคเตฝ เดเดพเตป เดเตเดตเดฟเดฑเตเดฑเดฑเดฟเตฝ เดเตเดเตเดคเตฝ เดเดเตเดเตเดตเดพเดเดพเดจเตเด; เดคเตเดฐเต เดเดเตเดเตเดตเดพเดเดพเดคเดฟเดฐเดฟเดเตเดเดพเดจเตเด เดธเดพเดงเตเดฏเดคเดฏเตเดฃเตเดเต.,3
1191423940842938368,2019-11-04 18:36:17,เดนเดฟเดนเดฟ!,0
1191423193879400449,2019-11-04 18:33:19,"เดเดจเตเดจเดพเดฒเตเดฎเตเดจเดฟเดเตเดเต เดฎเดจเดธเตเดธเดฟเดฒเดพเดเดพเดเตเดเดคเต เดฒเตเดธเดฟเดซเดฑเดฟเตฝ เดธเตเดฑเตเดฑเตเดซเดจเตเดเตเดเดจเต ""เดคเดจเตเดฑเต เดคเดจเตเดคเดฏเดฒเตเดฒ, เดเดจเตเดฑเต เดคเดจเตเดค"" เดเดจเตเดจเต เดเดฑเดชเตเดชเดฟเดเตเดเต เดชเดฑเดเตเดเตเดตเตเดจเตเดจเดพเดฃเต!",6
1191399963412115457,2019-11-04 17:01:01,"เดเดพ., เดจเดฎเตเดฎเตเดเตเดเต เดเดชเตเดชเตเดเดฒเดฟเดชเตเดฑเตเดฑเต เดเดทเตเดเดฎเดพเดฏเดคเต เดชเตเดฒเตเดฏเดพเดตเตเด เดธเดพเดฏเดฟเดชเตเดชเดฟเดจเดฟเดคเดฟเดทเตเดเดฎเดพเดฏเดคเต!",1
1191399542907912193,2019-11-04 16:59:20,เดเดจเดฟเดเตเดเต เดเดฎเตเดจเดพเดฃเต เดเดคเดฟเดฒเตเด เดเดทเตเดเดฎเดพเดฏเดคเต...,0
1191293628196499456,2019-11-04 09:58:28,Mood!๐ค https://t.co/JVqjwEf1Nq,3
1191065366610493445,2019-11-03 18:51:26,เดเดพเดฃเดพเตป เดคเตเดเดเตเดเดฟเดฏเดชเตเดชเตเดดเต เดเดเตเดเดจเดพเดฃเดฒเตเดฒเต!   เดฎเตเดกเต เดชเตเดฏเดฟ!,0
1191064849738014723,2019-11-03 18:49:23,เดฎเตเดเดเตเดเดณเตเดเต เดเตเดคเตเดฐเดฟเดฎเดฐเตเดชเด เดเดฃเดฟเดจเตเดเตเดเตเดฃเตเดเต เดเดชเดฏเตเดเดฟเดเตเดเต; เดเดฑเดฟเดเดฟเดจเตฝ เดฐเตเดชเด เดชเตเดฃเตเดฃเดฟเดจเตเดเตเดเตเดฃเตเดเต เดเดชเดฏเตเดเดฟเดเตเด เดเตฝเดเตเดชเตเดชเต เดฌเตเดฐเดฟเดฒเตเดฒเตเดฏเตปเดธเต!โฆ https://t.co/WAAJooinW8,1
1190673578343194624,2019-11-02 16:54:37,๐ค https://t.co/KC14sGufa6,1
1190260945299394562,2019-11-01 13:34:57,เดเดฑเดฟเดฏเตเดเต เดฎเดฃเดฎเตเดจเตเดจเตเดเตเดเต เดเตเดเตเดเดฟเดเตเดเตเดฃเตเดเต. เดเดจเตเดคเดพเดฃเต เดเดฑเดฟเดฏเตเดเต เดเดฒเตเดฏเดพเดฃเด?!,2
1190245905728974848,2019-11-01 12:35:12,เดเดจเตเดจเต เดฌเดพเดธเตเดฑเตเดฑเตเดฏเตป เดตเดฟเดทเดฏเดคเตเดคเดฟเตฝ เดกเดฟเดตเตเดเดซเตเด เดชเตเดฐเดคเดฟเดเดฐเดฟเดเตเดเดพเดจเตเดเตเดคเตเดค เดเตผเดเดตเด เดฎเดฑเตเดฑเต เดฏเตเดตเดเดจเดธเดเดเดเดจเดเตพ เดฎเดพเดคเตเดเดฏเดพเดเตเดเตเดฃเตเดเดคเดพเดฃเต... เดนเดฟเดนเดฟ!,2
1189919203429629952,2019-10-31 14:57:00,เดนเดพเตพเดเดฟเดเตเดเดฑเตเดฑเดฟเดจเตเดฑเต เดฎเดฒเดฏเดพเดณเดฎเตเดจเตเดคเดพเดฃเต?  #เดเดธเตเดเดฟเดเตเดซเตเดฑเตเดฌเตเดฐเดฃเตเดเต,4
1189233644637958144,2019-10-29 17:32:50,"""เดเดจเตเดจเดฟเดเตเดเต เดชเตเดเตเดเดฟเดฏเต?""  ""เดชเตเดเตเดเดฟเดฏเดพเตฝ เดคเตเตผเดจเตเดจเดฟเดฒเตเดฒเต!""",5
1189230532531490823,2019-10-29 17:20:28,เดฑเดฟเดทเดฟเดฏเตเดเตเด! ๐ค https://t.co/UsoOFowv18,3
1188755313589182465,2019-10-28 09:52:07,เดฎเดงเตเดฏ เดเดเดคเตเดชเดเตเดทเดฎเต? เดเดคเดฟเดเดคเต เดตเดถเดคเตเดคเดฟเดจเตเดฑเต เดฎเดงเตเดฏเดคเตเดคเดฟเดฒเดพเดฃเต?,2
1188358344186179585,2019-10-27 07:34:42,เดคเตเดชเตเดชเดฒเต เดคเตเดเตเดเต เดคเดพเดณเต เดฎเดฑเดฟเดเตเดเดพเดคเตเดคเดตเตผเดเตเดเตเดฒเตเดฒเดพเด เดเดจเตเดฑเต เดฆเตเดชเดพเดตเดฒเดฟ เดเดถเดเดธเดเตพ...,4
1187666847241588741,2019-10-25 09:46:56,"เดเดพเตฝ, เดเดฐ เดเดเตเดเต เดตเดเตเดเต เดจเตเดเตเดเตเดฎเตเดชเตเตพ เดทเตเตพเดกเดฑเดฟเดจเต เดฎเตเดเตเดเดพเตฝ เดเดจเตเดจเต เดตเดฟเดณเดฟเดเตเดเดพเดเตเดเดคเดฟเตฝ เดเดพเดเตเดเตเดฃเตเดเดฟเดคเดจเดพเดฃเต!",1
1187666100412010497,2019-10-25 09:43:58,เดฐเดฃเตเดเต เดเดพเตฝ เดตเตเดฆเดจเดฟเดเตเดเตเดจเตเดจเดคเดฟเดจเต เดเดฐ เดตเตเดฆเดจ เดเดจเตเดจเต เดตเดฟเดณเดฟเดเตเดเดพเดฎเต?,1
1187659504164491264,2019-10-25 09:17:46,เดตเตเดเตเดเดฟเดฒเต เดชเดถเตเดจเตเดฑเต เดคเดฒ เดชเตเดฑเดคเตเดคเตเด เดเดเตฝ เดเดเดคเตเดคเตเด เดเดฃเต... เดนเดฟเดนเดฟ...  #เดชเดฐเดฟเดทเตเดเดพเดฐเด https://t.co/b8W19BnAJH,1
1187442507933724673,2019-10-24 18:55:30,"""เดธเตเดฃเดพเดฑเต เดธเตเดฃเดพเดฑเต เดธเตเดตเตผเดฃเดจเดฟเดฒเดพเดตเต เดคเตเดณเดฟเดเตเดเดฟเดฒเตเดฒเต""  เดเดนเดน... เดฐเดพเดคเตเดฐเดฟเดฏเดฟเตฝ เดเดฐเดชเดฟเดเดฟเดเตเดเดพเดจเดฟเดฑเดเตเดเตเดจเตเดจ เดตเดตเตเดตเดพเดฒเดฟเดจเต เดชเดพเดเดพเตป เดชเดฑเตเดฑเดฟเดฏ เดชเดพเดเตเดเต...  #เดนเดนเดน",5
1187435976903331840,2019-10-24 18:29:33,เดตเดฟเดฐเดนเดคเตเดคเดฟเดจเตเดฑเต เดเตเดเตเดเตเดเดพเตผเดเตเดเต เดตเดฟเดฐเดนเดฎเตเดเตเดเดฟเดฒเตเด เดเตเดเตเดเตเดฃเตเดเตเดจเตเดจเต เดตเดฏเตเดเตเดเดพเด... เดเดเตเดเตพ เดซเตเดฑเตเดตเดฑเตเดฒเตเตบเดเดพเดฐเตเดเต เดเดพเดฐเตเดฏเดฎเดพเดฃเต เดเดทเตเดเด!,3
1187109285928542209,2019-10-23 20:51:23,เดเดฑเตเดฑเดฎเดฟเดฒเตเดฒเดพเดคเตเดคเตเดฐเดฟ เดเตเดตเดฟเดคเดชเดพเดคเดฏเดฟเดฒเตเดฑเตเดฑเดฏเดฒเตเดฒเตเดฑเตเดฑเดฏเดฒเตเดฒเตเดฑเตเดฑเดฏเดฒเตเดฒ เดเดฐเตเด เดเดฑเตเดฑเดฏเดฒเตเดฒเตเดฑเตเดฑเดฏเดฒเตเดฒเตเดฑเตเดฑเดฏเดฒเตเดฒ!,1
1187105511210176513,2019-10-23 20:36:23,เดเดจเดจเตเดคเด เดเดเตเดเดพเดคเด เดเดตเดฐเตโเดฃเตเดฃเดจเตเดฏเด เด เดญเตเดฒเตเดเดเตเดณเด เดคเดฟเดฐเดฟเดฏเตเดจเตเดจเดฎเดพเดฐเตโเดเด เดเดคเดฟเดเตเดเตเดฒเดเตเดเดพเดฃเตเดเตเดฐเดฟเดเดคเตเดคเดฟเดฐเตเดจเตเดจเต เดจเตเดเตเดเตเดจเตเดจ เดฎเดฐเตโเดคเตเดฏเดจเตโ เดเดฅเดฏเตเดจเตโฆ https://t.co/BVQmnSIYBi,1
1187103852841058305,2019-10-23 20:29:48,เดเดจเตเดจเต เดเตเดฐ เดเดฃเตเดเดพเตฝ เดฌเตเดงเด เดชเตเดเตเดจเตเดจ เดเดพเตป...,2
1187103727003590657,2019-10-23 20:29:18,เดธเดคเตเดฏเด เดชเดฑเดฏเดพเด; เดเดฐเต เดฎเดพเดธเด เดเดฐเต เดธเตเดคเตเดฐเตเดฏเดพเดฏเดฟ เดเตเดตเดฟเดเตเดเดฃเดฎเตเดจเตเดจเต เดเดจเดฟเดเตเดเต เดคเตเดจเตเดจเดฟเดฏเดฟเดเตเดเตเดฃเตเดเต...,1
1187102977439535111,2019-10-23 20:26:19,https://t.co/EY3dx4y1lo,0
1187102709612195847,2019-10-23 20:25:15,เดเดคเตเดชเดฑเดเตเดเดชเตเดชเตเดดเดพ Mary Roach เดเดฎเตเดฎเดเตเดเตเดเต เดเดฐเต เดเตเดกเต เดเตเดเตเดเตเดฃเตเดเต... เดเดฟเดเตเดตเดพเดฃเต...  เดชเดฒเตเดฒเต เดคเตเดเตเดเตเดฎเตเดชเตเตพ เดเตผเดเดพเดธเด เดตเดฐเตเดจเตเดจ เดธเตเดคเตเดฐเตเดฏเตเดชเตโฆ https://t.co/uy3g6nhjYX,0
1187102184309166081,2019-10-23 20:23:10,Bonk เดเดจเตเดจเตเดฐเต เดฌเตเดเตเดเดฟเตฝ เดเดจเตเดฑเตผเดเตเดดเตเดธเต เดเดดเดฟเดเตเดเดพเตฝ เดตเดพเดฏเดฟเดฒเต เดเดจเตเดงเด เดฎเดพเดฑเตเดจเตเดจเดคเดฟเดจเตเดชเตเดชเดฑเตเดฑเดฟ เดเดฐเต เดชเตเดณเตเดณเดฟ เดฑเดฟเดธเตผเดเตเดเต เดเตเดฏเตเดคเดคเดฟเดจเต เดชเดฑเตเดฑเดฟ เดชเดฑเดฏเตเดจเตเดจเตเดฃเตเดเต...,0
1187081068144316417,2019-10-23 18:59:16,เดฏเตเดจเตเดคเดฟเดฐเตเดฏเตเดจเตเดคเต!,0
1187081005619765248,2019-10-23 18:59:01,๐ค https://t.co/xZvov1DlvB,1
1187063947817553921,2019-10-23 17:51:14,เดเดคเตเดคเต เดเดเดจเตเดจเดพเดฒเตเด เดเดฎเดเตเดเต เดเดเดเตเดเดฃเดฎเตเดจเตเดจเต เดชเดฑเดฏเดฃ เดชเตเดฒเต เดคเดจเดฟเดเตเดเต เดเดฟเดเดจเตเดจเดพเดฒเตเด เดเดฟเดเดเต เดธเตเดธเต เดฌเตเดกเตเดกเดฟเตฝ เดเดเดเตเดเดฃเดฎเตเดจเตเดจเดพเดตเตเด...,1
1187050348449587206,2019-10-23 16:57:12,เดเดฑเดฟเดฑเตเดฑเตเดฑเตเดฑเดฟเดเต เดเดชเต เดเดจเตเดจเดพเดฏเดฟเดฐเตเดจเตเดจเต? เดเดฑเดฟเดฑเตเดฑเตเดฑเตเดฑเดฟเดเตเดเดชเตเดชเดฟ เดเดจเตเดจเดพเดฃเตเดจเตเดจเตเตผเดคเตเดคเต.. เดนเดฟเดนเดฟ..,0
1186946454671245312,2019-10-23 10:04:21,เดเดฐเต เดจเดฟเดฎเดฟเดทเด เดเต.เดเดฐเตเดฃเดพเดเดฐเดจเดพเดฃเตเดจเตเดจเต เดเตผเดคเตเดคเตเดชเตเดฏเดฟ. https://t.co/nmhu0iUNxD,3
1186945799013445632,2019-10-23 10:01:45,Thug Life! ๐ https://t.co/IfYLRyrP7D,2
1186941078802518017,2019-10-23 09:43:00,22th เดเดฒเตเดฒเดเดพ 22nd.,0
1186747129085202434,2019-10-22 20:52:18,เดเต,1
1186615527235555329,2019-10-22 12:09:22,เดเดฑเตเดฑเดเตเดเดพเดฏ เดชเตเดฒเตเดฐเต เดคเตเดจเตเดจเตฝ! เดตเตเดเตเดทเดฃเดเตเดฃเดฟเดจเตเดฑเตเดฏเดพเดตเตเด! https://t.co/goM7vgUk1I,17
1186375902738964480,2019-10-21 20:17:11,เดเดตเตผเดเตเดเดฟเดคเต เดชเดพเดคเดฟเดฐเดพ เดเตเดฏเตเดฒเตเดฒเดพเดตเตเด!  เดเดเตเดเดเตเดเดฟเดคเต เดชเดเดฒเต เดฎเตเดดเตเดตเตป เดชเดฃเดฟเดฏเตเดเตเดคเตเดคเต เดฎเดเตเดคเตเดคเดตเดจเตเดฑเต เดญเดพเดฐเดฎเดฟเดฑเดเตเดเดฟเดตเดฏเตเดเตเดเตเดจเตเดจ เดธเตเดฅเดฒเดฎเดพเดฃเต...  เดฒเดตเตเดฏเต เดซเตเดเตเดธเต... ๐,10
1186375412408049664,2019-10-21 20:15:14,"""เดฎเตเดคเดฒเดพเดณเต เดเตเดเตเดเดฟ เดชเตเดฑเดเตเดเตเดเต เดชเตเดจเตเดจเต!""",1
1186374646213611520,2019-10-21 20:12:12,เดธเตเดฐเดพเดเตเดเดฟเดชเตเดชเดเตเดเตเดเตเดเดจเดฟเดจเตเดจเต เดเตเดตเตเดฑเตเดฑเดพเดจเตเดจเตเดจเตเดฎเดฟเดฒเตเดฒเดฏเต?!,3
1186374465355157506,2019-10-21 20:11:28,เด เดฎเดฟเดธเต เดเตเดเดเดชเตเดณเดฟเดฏเดฟเดเตเด เดฎเตเดเตเดเดฑเดฟ! :(,2
1186373674074591233,2019-10-21 20:08:20,เดเดฐเต เดชเตเดฐเดพเดตเดถเตเดฏเด เด เดฎเตเดเตเดเดฟเดตเตเดทเตป เดเดฐเต เดฎเดพเดธเดคเตเดคเดฟเดจเต เดฎเตเดณเดฟเดฒเดพเดฏเดฟเดชเตเดชเตเดฏเดฟ..  เดคเดฟเดฐเดฟเดเตเดเต เดตเดฐเดพเตป เดจเตเดเตเดเดฟเดฏเดชเตเดชเตเตพ เดเดเตเดเตเดฃเตเดเต เดชเตเดงเดฟเด...,3
1186373451323457536,2019-10-21 20:07:27,เดเดฐเต เดคเดตเดฃ เดเตเดตเดฟเดฑเตเดฑเดฟเดชเตเดชเตเดเตเดฎเตเดชเตเดดเตเด เดญเดฏเดเตเดเดฐ เดฎเตเดเตเดเดฟเดตเตเดทเดจเดพเดฏเดฟเดฐเตเดจเตเดจเต... เดเดจเดฟ เดเตเดตเดฟเดคเดคเตเดคเดฟเตฝ เดตเดฟเดเดฏเดฟเดเตเดเดฟเดเตเดเต เดคเดฟเดฐเดฟเดเตเดเต เดตเดฐเต เดเดจเตเดจเต...,3
1186373214617911297,2019-10-21 20:06:30,เดเตเดตเดฟเดฑเตเดฑเดฟเดชเตเดชเตเดฏเดฟเดเตเดเตเด เดเดฟเดฒ เดชเตเดฐเดคเตเดฏเตเด เดเดพเดฐเดฃเดเตเดเดณเดพเตฝ เดคเดฟเดฐเดฟเดเตเดเต เดตเดฐเตเดฃเตเดเดฟ เดตเดจเตเดจ เดเตเดตเตเดชเต!,4
1186371988182441984,2019-10-21 20:01:38,เดคเดพเดเตเด เดฎเตเดถเตเด เดคเดฎเตเดฎเดฟเตฝ เดเดจเตเดจเต เดเตเดเตเดเดฟเดฎเตเดเตเดเตเดจเตเดจเตเดจเต เดฎเตเดจเตเดจเต เดเดคเต เดจเดฐเดเตเดเดพเดจเตเด เดคเตเดเดเตเดเดฟ.   :(,3
1185644312194899969,2019-10-19 19:50:06,เดเดชเตเดชเดณเดพเดฃเดคเดฟเดจเตเดฐเตผเดคเตเดฅเดฎเตเดฃเตเดเดพเดฏเดคเต.,1
1185644228673753089,2019-10-19 19:49:46,เดเดตเดจเดตเดจเต เดตเตเดฃเตเดเดฟเดฏเดฒเตเดฒเดพเดคเต เดเดชเดฐเดจเตเดจเต เดเตเดเตเดฐเดเตเดคเดฎเตเดฑเตเดฑเดฟ เดเตเดฒเด เดตเดฟเดเตเดเต เดชเตเดฏเดตเตป เดชเตเดฐเดตเดพเดธเต...,0
1185640693710180354,2019-10-19 19:35:44,เดเดฐเต เดคเตเดฃเตเดฃเตเดฑเดเดฟเดเตเดเดพเตฝ 90ยฐ เดฐเดฃเตเดเต เดคเตเดฃเตเดฃเตเดฑเดเดฟเดเตเดเดพเตฝ 180ยฐ  #เดนเตเดฏเตเดฏเตเดเตเดฏเต,2
1185639447318220806,2019-10-19 19:30:47,เดเดจเดฟเดเตเดเต เดงเต เดเดจเตเดจเตเดเตเดเต เดเตเดเตเดเดพเตฝ เดเตเดเตเดฏเตเดธเต เดเดจเตเดทเตเดเตเดเต เดฌเดฏเตเดฏเดพเดฃเต เดเตผเดฎ เดตเดฐเตเด... เดงเตเดฎเตเดเตเดเต!,0
1185638387031646211,2019-10-19 19:26:34,เด เดเดฐเดฟเดฎเตเดชเตเดฒเตเดเต เดชเดฟเดเตเดเดเดฟเดเตเดเตเดฎเดพเดฑเตเดฑเดฟ เดธเตเดฑเตเดฑเดพเดฑเตเดฑเดธเดพเดเตเดเดฟ!,2
1185616797124513792,2019-10-19 18:00:46,เดเดฎเตเดฏเตเดฃเดฟเดธเตเดฑเตเดฑเตเดเดพเดฐเดจเดพเดฏ เดตเดพเดณ เดฎเตเตป เดเดเดฒเดฟเตฝ เดเดฑเดฟเดฏเดชเตเดชเตเดเตเดจเตเดจเดคเตเดเตเดเดจเต ?  เดธ:เดตเดพเดณ  #เดนเดนเดน   เดตเดฏ เดเตเดธเตเดตเตเดธเตเดเดฟ.,8
1185610542041485312,2019-10-19 17:35:55,เดชเดฃเตเดเดพเดฐเด; เดเดเตเดคเตเดคเดฟเดเตเดฏเตเดจเตเดจเตเด เดเดคเตเดฐเดฏเตเด เดเดฟเดฐเดฟเดเตเดเดฟเดเตเดเดฟเดฒเตเดฒ! ๐๐๐,1
1185584298054828032,2019-10-19 15:51:38,เดตเตผเดเตเดเตเดฐเดฟเดฏเดฏเดฟเดฒเตเดฐเต เดเตเดเตเดเดฟเดเตเดเตเดฑเดเตเดเตเดชเตเดชเดฟ!,1
1185500858148106240,2019-10-19 10:20:04,เดเดจเตเดจเดพเดฃเต เดฌเดนเดฑเดฟเดจเดฟเตฝ เดจเดฟเดฐเตเดงเดจเด เดตเดฐเตเด? ;) https://t.co/6bTlZnQCh5,1
1185495243082403840,2019-10-19 09:57:46,"เดเดฒเดเตเดธเดพ., เดชเตเดฒเต เดซเดฟเดทเต เดฑเตเดเตเดเต.!",0
1185468755637346304,2019-10-19 08:12:30,เดเตเดเตเดเตเดคเตเดคเต เดทเตเดเตเดเดเดฟเดชเตเดชเดฟเดเตเดเตเดฃเตเดเดฟเดฐเดฟเดเตเดเตเดเดฏเดพเดฃเต!,0
1185440030732496897,2019-10-19 06:18:22,"เดตเดฟ เดจเตเดฑเตเดฑเต เดเตเดเตเดเตป เดชเดฑเดเตเด เดเดชเตเดชเต เดกเตเตบเดฒเตเดกเดฟ. เดเดชเตเดชเต เดเดเตเดเดจเตเดฃเตเดเตเดจเตเดจเต เดจเตเดเตเดเดพเตป เดเดเตเดธเตเดชเตเตปเดธเต เดเตเดเตเดเดฟเดเตเดเตเดฃเตเดเดฟเดฐเดฟเดเตเดเตเดเดฏเดพเดฃเต..  ""เดเตเดเตเดเดพ, เดเดฐเต เดธเดฎเตเดธเตเด เดเตเดเดฟ""",1
1185277780201746432,2019-10-18 19:33:38,เดเตเดเตเดเดฟเดเตเดเดพเดฒเด เดเดฟเดเตเดตเดพเดฃเต เดเตเดฏเตเดธเต! ๐ค,0
1185277323211350021,2019-10-18 19:31:49,เดเดจเตเดฑเตผเดชเตเดฐเดเตเดเตเดทเดจเตเดซเต เดกเตเดฐเตเดเดธเต! :(,1
1185277069380509697,2019-10-18 19:30:49,เดเดนเต เดกเดพเตผเดเตเดเต... https://t.co/iC90Dz5AHl,0
1185276815318884356,2019-10-18 19:29:48,เดเดเตเดคเตเดคเต เดชเดฑเดฏเตเดฃเตเด เดเดจเตเดจเต เดธเดฃเตเดฃเดฟ เดฒเดฟเดฏเตเตบ เดเดฐเดฏเตเดฎเตเดชเตเตพ เดเดพเตป เดเดถเตเดตเดธเดฟเดชเตเดชเดฟเดเตเดเตเดจเตเดจเดคเดพเดฏเดฟเดฐเตเดจเตเดจเต! :(,1
1185276612293615616,2019-10-18 19:29:00,"เดชเดฟเดจเตเดจเต, เดฆเตเดชเตเด เดชเดฆเตเดเตเดเตเตบ...",0
1185276524100018176,2019-10-18 19:28:39,เดฎเดฆเตผ เดคเตเดฐเตเดธ เดเดจเตเดฑเต เดเดตเดฟเดณเดคเตเดคเดเดฟเดเตเดเตเดจเตเดจเดคเต...,1
1185276442873073665,2019-10-18 19:28:20,เดฎเดฎเตเดฎเตเดเตเดเดฟเดฏเตเด เดฎเตเดนเดจเตเดฒเดพเดฒเตเด เดเตเดเต เดตเตเดเดฟเดจเตเดฑเดเตเดคเตเดคเตเดเต เดจเดเดจเตเดจเต เดตเดฐเตเดจเตเดจเต... เดเดณเตเดเตพ เดฎเตเดคเตเดคเด เดฎเดฎเตเดฎเตเดเตเดเดฟเดเตเดเต เดเดฏเต เดตเดฟเดณเดฟเดเตเดเตเดจเตเดจเต... เดเดพเตป เดโฆ https://t.co/t0AiqIPW54,1
1185276021316161542,2019-10-18 19:26:39,เดเตเดฑเดเตเดเตเดเต เดฎเตเดคเตเดคเต เดเดดเดฟเดเตเดเดชเตเดชเตเตพ เดชเดฟเดจเตเดจเตเดฏเดคเต เดธเตเดฒเดฟเดฌเตเดฐเดฟเดฑเตเดฑเตเดธเดพเดฏเดฟ...,1
1185275732261556224,2019-10-18 19:25:30,เดคเตเดซเดพเดจเตเด (เดเตเดเตเดเดฟเดเดณเตเดเต เดฆเตเดชเดฟเด) เดเดพเดจเตเด เดเดชเตเดชเดจเตเด เดเตเดเต เดเดจเตเดฆเตเดฐเดจเดฟเตฝ เดชเตเดเดพเตป เดเตเดฑเดฟเดฏเดฟเดเตเดเต เดซเตเดกเตเดกเตเดเตเดเตเดเดพเตป เดฎเดฑเดจเตเดจเต เดคเดฟเดฐเดฟเดเตเดเต เดตเดฐเตเดจเตเดจเดคเต...,0
1185275496269078530,2019-10-18 19:24:34,เดคเดฑเดตเดพเดเตเดเดฟเตฝ เดชเตเดฃ เดตเดดเดฟเดเตเดเตเดฐเต เดชเตเดเตเดเดเตเดเดฟเดฃเดฑเตเดฃเตเดเต.. เดเดคเดฟเตฝ เดเดพเดจเตเด เดซเดพเดจเตเดฑเดตเตเด เดฎเดพเตปเดกเตเดฐเตเดเตเดเตเด เดเตเดเดฟ เดจเดฟเดงเดฟ เดเดฃเตเดเตเดชเดฟเดเดฟเดเตเดเตเดจเตเดจเดคเต...,0
1185275304669040647,2019-10-18 19:23:48,เดชเดฃเตเดเต เด เดเดฎเดพเดจเตเดทเดฟเด เดเดฅเดพเดชเดพเดคเตเดฐเดเตเดเดณเตเดฏเตเดฒเตเดฒเดพเด เดเดพเตป เดเดฑเดเตเดเดคเตเดคเดฟเตฝ เดธเตเดตเดชเตเดจเด เดเดพเดฃเดพเดฑเตเดฃเตเดเดพเดฏเดฟเดฐเตเดจเตเดจเต...,0
1185274806440251392,2019-10-18 19:21:49,"""เดเดคเตเดเตเดเดฟเดฒเตเด เดเดจเตเดจเดฟเตฝ เดเดฑเดเตเดเตเดจเดฟเดเตเดเดเดพ เดชเตเดฒเตเดฒเต"" เดเดจเตเดจเดพเดฏเดฟเดฐเตเดจเตเดจเต เดฏเตเดฃเดฟเดตเตเดดเตเดธเตเดจเตเดจเตเดเต เดชเดฑเดเตเดเดคเต!",0
1185274615087714304,2019-10-18 19:21:04,เดตเตเดจเตเดฏเต เดตเดพเดฃเตเดเต เดธเดเดคเดฟเดเต; เดเตพ เดฆ เดฏเตเดฃเดฟเดตเตเดดเตเดธเต เดเตบเดธเตเดชเดฏเตเดดเตเดธเดฟเตป เดนเตเตฝเดชเตเดชเดฟเดเตเดเตเดฏเตเดฑเตเดฑเต เดเดเตเดเตเดตเดฟเดฑเตเดฑเตเดจเตเดจเดพเดฃเดฒเตเดฒเต เดชเตเดฒเต เดเตเดฏเตเดฒเต เดชเดฑเดเตเดเดคเต!,0
1185273958662365187,2019-10-18 19:18:27,เดเดพเดจเตเดเตเดเต เดญเดพเดตเดฟเดฏเดฟเตฝ เดเดจเตเดคเดพเดฏเดฟ เดคเตเตผเดจเตเดจเดพเดฒเตเด เดเตเดฑเตเดชเตเดชเด เดคเตเดเตเดเตเดฏเตเดณเตเดณ เดเดเตเดฐเดนเดฎเดพเดฏเดฟเดฐเตเดจเตเดจเต เดเดจเตเดจเต เดชเดฑเดฏเดพเดจเตเดณเตเดณเดคเตเดฐเตเด เดเตเดฑเตเดชเตเดชเดคเตเดคเดฟเตฝ เดเดเตเดฐเดนเดฟเดเตเดเดฟเดเตเดเตเดฃเตเดเดพเดฏเดฟเดฐเตเดจเตเดจเต!,2
1185271924835926016,2019-10-18 19:10:22,เดเดนเต! เด เดเดฑเตเดคเตเดค เดชเดพเดฃเตเดเตเดณเตเดณเดเตเดฃเตเดเดพเดฃเต เดชเดพเดฃเตเดเดฏเตเดเตเดเต เดชเดพเดฃเตเด เดเดจเตเดจ เดชเตเดฐเดฟเดเตเดเดคเต!,2
1185271190367158272,2019-10-18 19:07:27,เดเต! เดชเดพเดฃเตเดเดฎเตเดชเดฒเตเดฒเดฟ!,0
1185210272967020544,2019-10-18 15:05:23,เดชเตเดฅเตเดตเดฟเดฐเดพเดเดฟเดจเตเดเตเดเดพเตพ เดเดดเดฟเดตเตเด เดธเตเดจเตเดฆเดฐเตเดฏเดตเตเด เดเดณเตเดณเดคเต เดเดจเตเดฆเตเดฐเดเดฟเดคเตเดคเดฟเดจเดพเดฃเดฒเตเดฒเต เดเดจเตเดจเต เดชเดฑเดฏเตเดจเตเดจ เดฒเตเดเดฟเดเตเดเดพเดตเตเด!,0
1185209952266268676,2019-10-18 15:04:07,เดเดฌเดฟเดฏเตเดเต เดเดตเดธเดฐเดเตเดเตพ เดเดฒเตเดฒเดพเดคเดพเดเตเดเดฟเดฏเดคเต เดเดฐเดพเดฃเต? เดเดจเตเดคเดฟเดจเดพเดฏเดฟเดฐเตเดจเตเดจเต?  #เดเตเดจเตเดตเดฟเตปเดกเตเดเตเดเต,0
1185208633220571136,2019-10-18 14:58:52,เดเดเดฟเดฏเตเด เดฎเดฟเดจเตเดจเดฒเตเด เดเดจเตเดจเต เดชเดฑเดฏเตเดจเตเดจเดคเดฟเดฒเตเด เดเตเดฑเดเตเดเตเดเต เดเดเตเดเตเดฑเตเดฑเตเดฑเต เดฎเดฟเดจเตเดจเดฒเตเด เดเดเดฟเดฏเตเด เดเดจเตเดจเต เดชเดฑเดฏเตเดจเตเดจเดคเดพเดฃเดฒเตเดฒเต!,2
1185135051899572224,2019-10-18 10:06:29,เดเดพเดฒเด เดจเด เดคเตเดดเตป เดเดจเตเดจเดพเดฏเดฟเดฐเตเดจเตเดจเต? 'เดเดพเดฒเตเดจเตเดจเตเด เดคเตเดณเดฟเตฝ เดฎเตเดธเตเดคเดซเดพ' เดเดจเตเดจเดพเดฏเดฟเดฐเตเดจเตเดจเต เดเดพเตป เดชเดพเดเดฟเดเตเดเตเดฃเตเดเดฟเดฐเตเดจเตเดจเดคเต... เดนเดฟเดนเดฟ!,4
1185134761402077185,2019-10-18 10:05:20,เดฎเตเดจเดตเดฟเดฏเตฝ เดฒเตเดชเตเดชเตเดฏเตเดเตเดเต เดฑเตเดฑเต เดฎเดพเดฐเดเตปเดเต... https://t.co/uBJzqqXniD,5
1185130231398588416,2019-10-18 09:47:20,เดเดคเตเดเตเดเต เดเดฃเดคเตเดคเดฟเตฝ เดชเดพเดเดฟ เดจเตเดเตเดเดฃเด เดนเต... เดเดคเดฟเดฒเดพเดฃเต เดฐเดธเด...  #เดชเตเดฒเตเดธเต_เดฎเตเดฏเตเดเตเดเดฒเตเดฒเต,0
1185121958943432704,2019-10-18 09:14:28,"เดเดพ..., เดเดเตเดคเตเดค เดฎเตเดฏเตเดเตเดเต เดเดฟเดเตเดเดพเดจเดพเดฏเดฟ...",1
1185114007465873408,2019-10-18 08:42:52,เดนเต! เดเดฒเดเตเดเดฟเดฏเดฟเดเตเดเดฟเดฐเดฟเดเตเดเตเดจเตเดจ เดเดฃเตเดเตผเดตเตเดฏเดฑเดฟเดจเต เดเดตเดเดพเดถเดฟเดฏเดฟเดฒเตเดฒเดพเดคเตเดคเดคเดพเดฃเต เด เดฎเตเดฑเดฟเดฏเดฟเดฒเต เดเดชเตเดชเตเดดเดคเตเดคเต เดชเตเดฐเดถเตเดจเด!,1
1184912585025609730,2019-10-17 19:22:29,เดเดเดฟเดเตเดเดฎเตผเดคเตเดคเดชเตเดชเตเดเตเด เดเดฒเดพเดเดพเดฐเดจเตเดฎเดพเตผ เดเตเดฑเดเตเดเตเดเดพเดฒเด เดเดดเดฟเดฏเตเดฎเตเดชเตเตพ เดเดตเดถเดเดฒเดพเดเดพเดฐเตปเดฎเดพเดฐเดพเดเตเด!,1
1184911625305952256,2019-10-17 19:18:40,เดฎเดงเตเดฏเดเตเดฐเดณเดคเตเดคเต เดเดฑเตเดฑเดชเตเดชเตเดเตเดคเตเดคเดพเดจเตเดเตเดเดฟเดฒเตเด เดจเดฟเดเตเดเตพ เดคเตเดเตเดเตเดตเดเดเตเดเตเดเตพ เดเดจเตเดจเดพเดฏเดฒเตเดฒเต! เดเดคเตเดฎเดคเดฟ!,1
1184908673367318529,2019-10-17 19:06:56,เด เดฎเดฟเดธเต เดนเตเตผ... เดเต เดเต...,0
1184907335904485378,2019-10-17 19:01:38,เดเดพเดฐเดฃเดฎเดฟเดตเดฟเดเต เดตเดเดเตเดเตปเดฎเดพเดฐเดพเดฃเต เดเตเดเตเดคเดฒเตเดจเตเดจเดคเต เดคเดจเตเดจเต... เดนเดฟเดนเดฟ!,1
1184907186503389184,2019-10-17 19:01:02,"เดเดตเดฟเดเต เดคเตเดเตเดเตเดตเดเดเตเดเดเดฟเดฏเดฟเดฒเตเดฒ; เดญเดเตเดทเดฃเดคเตเดคเต เดเตเดฑเตเดฑเดฎเตเดชเดฑเดฏเดฟเดฒเตเดฒ; เดธเตเดตเดธเตเดฅเด, เดธเตเดฐเดญเดฟเดฒเด เดชเตเดฐเดตเดพเดธเดเตเดตเดฟเดคเด...",5
1184905865503137799,2019-10-17 18:55:47,เดชเตเดเตเดเตเด เดฌเตเดซเตเด เดคเดฟเดจเตเดจเตเดตเดพเดฃเต.,0
1184902242379423745,2019-10-17 18:41:23,"เดเดเต, Lego เดเต L เดเดฐเดฟเดฏเดพเตฝ Ego เดเดเตเด.",0
1184901444014657536,2019-10-17 18:38:13,Ego เดเตเดเต เดเดพเดฒเต เดตเดเตเดเดพเตฝ Lego เดเดเตเดฎเต?,2
1184561037795872768,2019-10-16 20:05:34,"เดนเดพเดตเต., เดฎเดฑเตเดฑเดตเตป เดเตเดณเดฟเดเดดเดฟเดเตเดเตเดคเตเดคเดฟ... เดเดจเดฟ เดเดตเดจเตเดฎเดพเดฐเต เดคเดฎเตเดฎเดฟเดฒเดพเดฏเดฟเดเตเดเตเดณเตเด!",0
1184559826401148929,2019-10-16 20:00:45,"เดเดพ., เดฑเตเดฎเตเดฎเตเดฑเตเดฑเตเดฐเต เดฎเตเดฏเดฟเตฝ เดทเตเดตเดจเดฟเดธเตเดฑเตเดฑเต เดชเดจเตเดจเดฟเดฏเดพเดฃเต... เดญเดพเดฐเตเดฏเดฏเต เดเตเดฒเดฟเดเตเดเต เดตเดฟเดเดฐเตเดคเต เดเดจเตเดจเตเดเตเดเต เดเดชเดฆเตเดถเดฟเดเตเดเดพเดฑเตเดฃเตเดเต!",0
1184559358010712070,2019-10-16 19:58:53,เดฑเตเดฎเตเดฎเตเดฑเตเดฑเต เดนเดฟเดจเตเดฆเดฟเดเตเดเดพเดฐเดจเตเดฑเต เดฌเดกเดพเดฏเดฟ เดธเดนเดฟเดเตเดเดพเดเตเดเดฟเดเตเดเดพเดฃเต เดเตเดตเดฟเดฑเตเดฑเตผ เดเดชเตเดชเตบ เดเตเดฏเตเดคเดคเต เดคเดจเตเดจเต; เดเดชเตเดชเต เดฆเต เดเดตเดฟเดเตเด.,1
1184558751371743233,2019-10-16 19:56:29,"เดฐเตเดฎเด เดเตเดฑเดเตเดเดคเดฟเดจเต เดตเดงเดญเตเดทเดฃเดฟเดฏเต?เดตเดฒเตเดฒเต เดตเดดเดเตเดเตเด เดชเดฑเดฏเตเดจเตเดจ เดเตเดเตเดเดคเตเดคเดฟเตฝ ""เดฎเตเดฐเต เดเตเดฑเดเตเดเตเดชเตเดฏเดฟ; เดเตเดฒเตเดฒเตเดฃเตเดเดคเดพเดฏเดฟเดฐเตเดจเตเดจเต"" เดเดจเตเดจเต เดฎเดฑเตเดฑเต เดธเตผเดเตเดเดพเดธเดฟเดเตเดเดคเดพเดตเตเด!",0
1184544821068865537,2019-10-16 19:01:07,LMAO เดเดจเตเดจเต เดเดพเดฃเตเดฎเตเดชเตเตพ เดเดจเตเดฑเดฎเตเดฎเต เดเดจเตเดจเดพเดฃเต เดเดฆเตเดฏเด เดฎเดจเดธเตเดธเดฟเตฝ เดตเดฐเดพเดฑเต.,0
1184543807951593475,2019-10-16 18:57:06,เดชเตเดฐเดพเตผเดคเตเดฅเดจ เดเตเดฃเตเดเดพเดฃเตเดจเตเดจเต เดคเตเดจเตเดจเตเดจเตเดจเต; เดเดคเดฟเตฝ เดชเดฟเดจเตเดจเต เดซเตเตพ เดเดงเตเดเดคเดฟเดฏเดพเดฏเดฟเดฐเตเดจเตเดจเต. https://t.co/UZ1nGsKIIo,1
1184451684044595201,2019-10-16 12:51:02,เดเดคเต เดชเตเดฒเตเด เดเตเดฏเตเดฏเดพเดคเตเดค เดคเตเดฃเตเดเดฟเดฏเดพเดฏเดคเต เดเตเดฃเตเดเต เดเดฎเตเดฎเดพเดตเดจเต เดชเดเตเดเดฟเดฏเตเดจเตเดจเต เดตเดฟเดณเดฟเดเตเดเดฃเตเด เดเดตเดถเตเดฏเดตเตเด เดตเดจเตเดจเดฟเดฒเตเดฒ... เดนเดฟเดนเดฟ...,0
1184451334088601600,2019-10-16 12:49:38,"เดเดจเตเดฑเดฎเตเดฎเดพเดตเดจเตเดเตเดเดพเดจเตเด เดเดเตเดเดจเต เดเตเดฏเตเดคเดฟเดฐเตเดจเตเดจเตเตฝ ""เด เดชเตเดธเดฏเตเดเตเดเต เดฌเดพเดฒเดฐเดฎ เดตเดพเดเตเดเดฟเดคเตเดคเดจเตเดจเตเดเตเดเดพ เดชเดเตเดเดฟเดฎเดพเดฎเดพ"" เดเดจเตเดจเต เดเดพเตป เดเตเดฆเดฟเดเตเดเตเดจเต...",0
1184450229761925120,2019-10-16 12:45:15,เดชเตเดเตเดเดเต เดชเดฟเดณเตเดณเตเดฐเต เดถเดพเดธเตเดคเตเดฐเดพเดตเดฌเตเดงเดคเตเดคเดฟเตฝ เดตเดณเตผเดคเตเดคเดพเตป เดคเตเดฐเตเดฎเดพเดจเดฟเดเตเดเต. https://t.co/a0avdw5pW2,1
1184385667767422978,2019-10-16 08:28:42,เดจเดฟเดเตเดเดณเตเดเต เดฐเดพเดเตเดฏเดธเตเดจเตเดนเด เดตเดฐเต เดเตเดฎเดกเดฟเดฏเดพเดฏเดฟเดเตเดเดพเดฃเต เดคเตเดจเตเดจเดพเดฑเต!  เดชเดฟเดจเตเดจเดพเดฃเต เดคเตเดเตเดเตเดตเดเดเตเดเดเดฟ?,0
1184384073399263234,2019-10-16 08:22:22,เดเดคเต เดตเดพเดฏเดฟเดเตเดเดพเดจเดพเดฏเดฟ เดเดจเตเดคเตเดฏเดฏเตเดเตเดเต เดตเตเดณเดฟเดฏเดฟเตฝ เดตเดจเตเดจเดคเดพเดฃเต. เดตเดพเดฏเดฟเดเตเดเต เดเดดเดฟเดเตเดเดพเตฝ เดเดจเตเดคเตเดฏเดฏเดฟเดฒเตเดเตเดเต เดคเดฟเดฐเดฟเดเตเดเต เดชเตเดเดพเดจเดพเดฃเต เดชเตเดฒเดพเตป.,1
1184383727658553344,2019-10-16 08:21:00,เดเดจเตเดคเตเดฏเดฏเดฟเตฝ เดฒเดญเตเดฏเดฎเดฒเตเดฒเดพเดคเตเดค เดเดฐเต เดชเตเดธเตเดคเดเด เดตเดพเดฏเดฟเดเตเดเตเดฃเตเดเดฟเดฐเดฟเดเตเดเตเดเดฏเดพเดฃเต. https://t.co/Q4JNvDOwT2,3
1184172309730549760,2019-10-15 18:20:54,เดเดฒเตเดฒ เดธเตผ; เดเดพเดจเดฟเดจเดฟ เดชเดฟเดเตเดเตเดฎเดจเดธเตเดธเดฟเดจเต เดจเตเดตเดฟเดเตเดเดฟเดฒเตเดฒ เดธเตผ!,1
1184148687372668934,2019-10-15 16:47:02,เดธเตผเดเตเดเตเดฒเตผ เดเดจเตเดจเดคเต เดชเดฑเดฟเดชเดคเตเดฐเด เดเดเตเดเดฟเดฏเดตเตปเดฎเดพเตผเดเตเดเต เดนเดฏเตผเดธเตเดเตเดเตปเดกเดฑเดฟเดฏเตเดเต เดฎเดฒเดฏเดพเดณเด เดเดฑเดฟเดฏเดฟเดฒเตเดฒ เดเดจเตเดจเดฑเดฟเดฏเดฟเดเตเดเดฃเดฎเตเดจเตเดจเต เดเดฑเดฟเดฏเดฟเดเตเดเตเดเตเดณเตเดณเตเดจเตเดจเต... https://t.co/vEHJr22ufF,0
1183805493392875522,2019-10-14 18:03:18,เดฎเดพเดธเตเดฑเตเดฑเตผ เดทเตเดซเต เดฑเตเดกเต เดชเดพเดฃเตเด เดเดฏเดฟเดฐเตเดจเตเดจเต?!,1
1183727358760673280,2019-10-14 12:52:49,เดฎเตเดเดฒเดฏเดฒเตเดฒเดเดพ เดฎเตเดเดฒ.,0
1183678938054307841,2019-10-14 09:40:25,เดฌเดฟเดฐเดฟเดฏเดพเดฃเดฟเดฏเดฟเตฝ เดเดฃเดฟเดฏเตเด!,0
1183678758726836225,2019-10-14 09:39:42,เดชเดฐเดฟเดชเตเดชเตเดตเดเดฏเดฟเตฝ เดชเดฐเดฟเดชเตเดชเตเดฃเตเดเตเดจเตเดจเต เดเดฐเตเดคเดฟ เดเตเดดเดฟเดเตเดเตเดเตป เดนเตฝเดตเดฏเดฟเตฝ เดเตเดดเดฟเดเตเดเตเดเตเดฃเตเดเดพเดเตเดฎเตเดเดพ เดชเดเตเดเต...,3
1183656964447977472,2019-10-14 08:13:06,เดฎเดจเดธเตเดธเดฟเดจเตเดฑเต เดเดฟเดฒเตเดฒเตเดเตเดเตเดเดฟเตฝ เดเดฟเดฑเตเดฑเตเดตเดพเดจเตเดฑเดฃเดฟ เดเตเดเตเดเดจเตเดฑเต เดเดชเตเดชเดฎเดพเดฏเดฟเดฐเตเดจเตเดจเต เดเดทเดฟเดฏเตเดเตเดเดฏเตเดเตเดฏเตเด เดธเตเดฅเดพเดจเด...  #เดเตเดฒเตเด :(,2
1183656268801740800,2019-10-14 08:10:20,เดถเดฐเตเดฐเดญเดพเดฐเด เดเตเดฑเดฏเตเดจเตเดจเดคเดฟเดจเตเดเตเดชเตเดชเด เดฎเดจเตเดทเตเดฏเดจเตเดฑเต เดฎเตเดจเตเดฑเตฝ เดเดเตเด เดเตเดฑเดฏเตเดจเตเดจเตเดฃเตเดเต เดเดจเตเดจเต เดเดจเดฟเดเตเดเดฟเดชเตเดชเตเตพ เดธเดเดถเดฏเดฎเดฟเดฒเตเดฒเดพเดคเดฟเดฒเตเดฒ! #เดฑเดพเดชเตเดชเต #เดจเดฟเดเตเดเดณเตเดฐเดฃเตเดเตเดฎเตเดจเตเดจเดฒเตเดฒเต,1
1183653349847195648,2019-10-14 07:58:44,เดเตเดฐเดณเดคเตเดคเดฟเดฒเต เดธเตเดฅเดฒเดเตเดเตพ เดคเดจเตเดจเต เดตเตเดฃเดฎเตเดจเตเดจเดฟเดฒเตเดฒเตเดเตเดเดฟเตฝ เดฑเดพเดชเต เดชเดพเดเดพเตป เดชเดฑเตเดฑเดฟเดฏ เดเตเดฑเต เดฑเตเดฎเดฟเดเต เดธเตเดฅเดฒเดชเตเดชเตเดฐเตเดเตพ เดเดจเตเดฑเตเดฒเตเดฃเตเดเต:  เดฆเดฟเดธเตเดชเตเตผ เดฑเดพเดฏเตเดชเตเตผ เดเดฏเตเดชเตเตผ  #เดเดฎเตเดฃเตเดตเดฐเดฟเดฌเดกเดฟ,2
1183652507840581632,2019-10-14 07:55:23,เดชเตเดเตเดเดณเตเดเต เดเดฎเตเดฎเดพเดฏเดฟเดฏเดชเตเดชเตป เดเดคเตเดชเตเดฒเต เดธเตเดฅเดฒเดชเตเดชเตเดฐเต เดตเดเตเดเต เดเดฐเต เดชเดพเดเตเดเตเดชเดพเดเดฟเดฏเดคเต เดเตเดเตเดเดฟเดเตเดเตเดฃเตเดเต..  เดจเดพเดเดเดเดพเดจเดฎเต เดฎเดฑเตเดฑเต เดเดฃเตเดจเตเดจเต เดคเตเดจเตเดจเตเดจเตเดจเต...,0
1183651132700352512,2019-10-14 07:49:55,เดธเตเดตเดฐเดพเดเตเดทเดฐเดเตเดเดณเตเดเต เดเดฒเตเดฒเดพ เดตเดเดญเตเดฆเดเตเดเดณเตเดฏเตเด เดเดพเดจเตเดฆเตเดฆเตเดถเดฟเดเตเดเดพเดฏเดฟเดฐเตเดจเตเดจเต! เดชเดฑเดฏเดพเตป เดฎเดฑเดจเตเดจเตเดชเตเดฏเดคเดพเดฃเต!,1
1183640747716816902,2019-10-14 07:08:39,Namibia Zambia Libya  Indonesia Tunisia Rhodesia  North Carolina South Carolina  #เดนเตเดเตเดฒเดพเดธเตเตบเดฒเดฟ,0
1183639337411497984,2019-10-14 07:03:03,"เดเดจเตเดจเดพเตฝ., เดตเดเดเดฐ, เดเดตเดฑ เดเดเตเดเต เดชเตเดฒเต เดชเตเดฐเดฟเตฝ เดตเดณเตเดณเตเด เดชเตเดณเตเดณเตเด เดเดฒเตเดฒเดพเดคเตเดค เดจเดพเดเตเดเดณเตเดเต เดชเตเดฐเต เดชเดฑ...  #เดเตเดเตเดเต",3
1183631656848101376,2019-10-14 06:32:32,เด เดคเตเดฐเตเดกเต เดตเดเตเดเตเดฐเต เดฑเดพเดชเตเดชเต เดเตเดฐเต เดเตเดฏเตเดคเตเดเต @rishi4u เดเตเดเดพ? https://t.co/m7hVRNBNzK,2
1183631281457958912,2019-10-14 06:31:02,เดคเตเดเตเดเดเตเดเดพเดเตเดเตเดเดฐ เดตเดธเตเดฎเดคเดฟ.,2
1183429230438301698,2019-10-13 17:08:10,เดฑเดพเดซเตเตฝ เดเดฐเดพเดฑเดฟเดจเตเดฑเต เดฐเตเดเดเตพ เดเดฏเตเดฏเดฟเตฝ เดเดฟเดเตเดเดฟเดฏเดชเตเดชเตเตพ เดเดฐเดพเดตเตเดถเดคเตเดคเดฟเดจเต เดซเตเดเตเดเตเดฏเตเดเตเดคเตเดคเต เดเตเดตเดฟเดฑเตเดฑเดฑเดฟเตฝ เดเดเตเดเดคเต...,2
1183429065304395776,2019-10-13 17:07:30,เดเดเตเดเดฏเตเดเตเดเต เดเดเดจเตเดจเตเดฑเดเตเดเดฟเดฏเดชเตเดชเตเตพ เดฎเดฒเตเดฒเดฟเดฏเตเดเตเดเดฟเดฏเต เดธเตเดตเดชเตเดจเด เดเดฃเตเดเดพเตผเดจเตเดจเต...,0
1183428543092535310,2019-10-13 17:05:26,เดเดคเดฟเดฒเตเด เดฐเดฃเตเดเดเตเดทเดเตเดเดณเต เดธเตเดฒเดจเตเดฑเตเดณเตเดณเต!,0
1183419318677180422,2019-10-13 16:28:47,'yes' เตฝ y เดฏเตเด e เดฏเตเด เดธเตเดฒเดจเตเดฑเต เดเดฃเต!,4
1183418635072630784,2019-10-13 16:26:04,เดจเดฟเดเตเดเตพเดเตเดเดฑเดฟเดฏเดพเดฎเต เดเดจเตเดจเตเดจเดฟเดเตเดเดฑเดฟเดฏเดฟเดฒเตเดฒ 'are'-เตฝ 'a'เดฏเตเด 'e'เดฏเตเด เดธเตเดฒเดจเตเดฑเต เดเดฃเต!   #เดคเดฟเดฐเดเตเดเดฟเดเตเดเดเตเดตเดฟเดคเดคเตเดคเดฟเดจเดฟเดเดฏเดฟเตฝ,52
1183417472915070978,2019-10-13 16:21:27,Bob Mural-y  #hahaha https://t.co/F79Pe349zf,1
1182974752266297344,2019-10-12 11:02:14,Ada mwone cute... https://t.co/PyU14iFfMO,0
1182713629948465154,2019-10-11 17:44:37,เดนเดฟเดนเดฟ! https://t.co/wawbHbWDQi https://t.co/j82PxkAWV0,1
1182591810037829635,2019-10-11 09:40:33,เดเดฏเตเดฏเต! เดเดพเตป เดเดจเตเดฑเต เดญเดพเดฐเตเดฏเดฏเต เดคเดฒเตเดฒเดพเดคเตเดคเดคเต เดเตเดฃเตเดเต เดเดตเดณเตเดจเดฟเดเตเดเต เดเดเตเดเดฟเตป เดธเตเดชเตเดชเดฟเตฝ เดธเดฏเดจเตเดกเต เดเดฒเดเตเดเดฟเดคเตเดคเดฐเตเดฎเต เดเดฏเตเดธเต?  เดชเตเดเดฟเดฏเดพเดเตเดจเตเดจเต.. เดเตโฆ https://t.co/fPgKr0Fl59,0
1182582066548002816,2019-10-11 09:01:50,เดเดเต เดซเตเดเดฐเต...,0
1182558232465870849,2019-10-11 07:27:08,๐ https://t.co/vLz0GPH2aH,14
1182557278706307072,2019-10-11 07:23:20,"เดเดพ., เดเตเดฑเต เดถเดฟเดเตเดเดฟเดเดฟเดเตพ เดตเดจเตเดจเดคเดพเตผเดเตเดเดฟเดฏเดเดฟเดเตเดเตเดฎเดพเดฏเดฟเดฐเดฟเดเตเดเตเด!",0
1182554360594751488,2019-10-11 07:11:45,"เดเดคเดฟเดจเตเดจเตเดคเดพ., เดเดจเตเดจเต เดจเดฟเดธเดพเด เดธเตเดเตเดฏเตเดฐเดฟเดฑเตเดฑเดฟเดฏเต เดนเดฎเตเดฎเดฑเดฟเดเดฟเดเตเดเต เดเตเดฒเดชเตเดชเตเดเตเดคเตเดคเดพเตป เดถเตเดฐเดฎเดฟเดเตเดเดชเตเดชเตเตพ 'เดเดตเตป เดญเดพเดฐเตเดฏเดฏเตเดเตเด เดเดเตเดเดจเต เดเดตเตเดฎเดฒเตเดฒเต,โฆ https://t.co/uNw6iHI69e",2
1182553071509016577,2019-10-11 07:06:37,เดจเดฟเดเตเดเตพเดเตเดเตเดเตเดเต เดจเดพเดเต เดจเดจเตเดจเดพเดเตเดเดพเตป เดจเดเดเตเดเตเดจเตเดจเดคเดฟเดจเต เดชเดเดฐเด เดธเตเดตเดฏเด เดจเดจเตเดจเดพเดฏเดฟเดเตเดเตเดเต เดเตเดเตเดเตเดเดพเดฐเต!,1
1182553020124598272,2019-10-11 07:06:25,:( https://t.co/Gn6noAElXF,0
1182373326980878342,2019-10-10 19:12:23,"เดฎเดจเตเดทเตเดฏเดพเดตเดเดพเดถ เดชเตเดฐเดตเตผเดคเตเดคเดเดฐเต เดเดเตเดเตพ เดชเดฐเดฟเดฃเดพเดฎเดตเดพเดฆเดฟเดเตพเดเตเดเต เดเดฑเดชเตเดชเดพเดฃเต, เดตเตเดฑเตเดชเตเดชเดพเดฃเต...",0
1182371536977743873,2019-10-10 19:05:16,เดฑเตเดกเดฟ เดฑเตเดฑเต เดเตเดเตเดเต เดเดพเดชเตเดชเดคเตเดคเดฟเดฏเตเดเต เดคเดพเตป เดเดชเตเดชเดพเดคเตเดคเดฟ เดเดฃเตเดจเตเดจเต เดคเตเดณเดฟเดฏเดฟเดเตเดเดพเตป เดชเดฑเดฏเตเดจเตเดจ เดคเดฟเดฐเดฟเดเตเดเดฑเดฟเดฏเดพเตป เดฐเตเด เดนเดพเดเดฐเดพเดเตเดเดพเตป เดชเดฑเดฏเดฃเด. เดฎเดพเดตเต เดเตโฆ https://t.co/3A9n2k31r0,2
1182341434348888065,2019-10-10 17:05:39,เดเตเดคเตปเดฎเดพเตผเดเต เดเตผเดฎเตเดซเตเดฌเดฟเดฏ เดเตเดเดฟ เดเดจเตเดจเดคเดพเดฃเต เดฐเดฃเตเดเดพเด เดฒเตเดเดฎเดนเดพเดฏเตเดฆเตเดงเดคเตเดคเดฟเดจเตเดฑเต เดเดจเดจเตเดคเดฐเดซเดฒเด.  #เดนเดนเดน,1
1182209258349305858,2019-10-10 08:20:26,Narconomics เดเดจเตเดจเตเดฐเต เดฌเตเดเตเดเต เดตเดพเดฏเดฟเดเตเดเต. เดเตเดณเตเดณเดพเด.,3
1181260096267051008,2019-10-07 17:28:48,'เดเดฐเดฟเดฏเตเดคเตเดฐ?' 'เดชเดฏเดฑเดเตเดเดพเดดเดฟเดฏเดพเดเดพ เดฎเตเดฐเต!!!'  #เดเดฒเดฟเดเดพเดฒเด,0
1181247591859806209,2019-10-07 16:39:07,เดนเดฟเดนเดฟ! เดเดชเตเดชเต เดเดฑเดชเตเดชเดพเดฏเดฟ เดตเดตเตเดตเดพเดฒเตเด เดเดเตเดเตเด เดฐเดฃเตเดเดพเดฃเตเดจเตเดจเต...  #เดตเดตเตเดตเดพเดฒเดฟเดจเดฟเดคเตเดฐเดฏเตเดเตเดเตเดฌเตเดฆเตเดงเดฟเดฏเดฟเดฒเตเดฒเดฒเตเดฒเต,1
1181224405491433474,2019-10-07 15:06:59,เดนเดฟเดนเดฟ.,0
1180835422525632512,2019-10-06 13:21:18,เดเดคเตเดเตเดเต เดเดตเดฟเดเต เดจเดฟเดเตเดเดเตเดเต! เด เดเตเดเตเดเดฟเดฏเตเดเต เดฎเดฒเดฏเดพเดณเดฎเดพเดฃเต เดทเดกเตเดกเดฟ?  #เดเตเดจเตเดตเดฟเดฃเตเดเตเดเตเดเต,2
1180834375275024384,2019-10-06 13:17:08,'เดเดพเดคเตเดคเดฟเดฐเดฟเดเตเดเตฝ' เดเดจเตเดจเต เดชเดฑเดเตเดเต เดชเดฃเตเดเต เดเดฐเต เดเดคเตเดคเดเตเดเดพ เดคเดฟเดฐเดฟเดฏเตเดจเตเดจ เดชเดเดฎเดฟเดเตเดเดตเดจเต เดเดจเดฟเดเตเดเดฑเดฟเดฏเดพเด.,6
1180833615317479425,2019-10-06 13:14:07,เดเดพเดจเดคเต เดกเตเตบเดฒเตเดกเต เดเตเดฏเตเดคเต เดฑเดฟเดชเตเดฒเต เดเดเดพเตป เดตเดฐเตเดตเดพเดฏเดฟเดฐเตเดจเตเดจเต.,1
1180772930696941568,2019-10-06 09:12:59,2 https://t.co/bqGwJCQzSr,1
1180746019564339205,2019-10-06 07:26:02,'เดนเดพเตผเดฆเตเดฆ'เดคเตเดคเต 'เดนเดพเตผเดฆเตเดฆเดตเด' เดเดจเตเดจเต เดชเดฑเดเตเดเต เดเดฃเตเดเดฟเดเตเดเตเดฃเตเดเต; 'เดนเดพเตผเดฆเตเดฐเดตเด' เดเดจเตเดจเต เดเดฆเตเดฏเดฎเดพเดฏเดพเดฃเต!  #เดเตเด_เดเดเตเดทเดฐเดธเดเดเดฟ https://t.co/YlQwImui2h,4
1180731058804969473,2019-10-06 06:26:35,เด เดตเดพเตผเดคเตเดค เดเดฐเตเด เดเดพเดฃเดพเดคเต เดชเตเดเดฐเตเดคเต... https://t.co/PkYhEGq5Q3,3
1180729377434284032,2019-10-06 06:19:55,เด เดฎเตเดฃเตเดเดเตเดเดเตเดเตเดจเตเดฏเดพเดฃเต เดจเดฟเดเตเดเดณเต เดเตเดคเดเตเดเดเตเด เดเดจเตเดจเต เดตเดฟเดณเดฟเดเตเดเดเดฟเดเตเดเดฟเดฏเดคเต!,0
1180715604426276864,2019-10-06 05:25:11,เดฎเดฎเตเดฎเตเดจเดฟเดขเตเดฏเตเดจเตเดคเดพเดชเดพเดฒเดพเดฃเต?,1
1180556898178863104,2019-10-05 18:54:32,Metascore. ๐คซ https://t.co/h1vrYTPcqI,0
1180494659669385216,2019-10-05 14:47:14,"508 เดเดจเตเดจเต เดเตเตพเดเตเดเตเดฎเตเดชเตเตพ เดเดจเดฟเดเตเดเต 508 เดเตผเดฎเตเดฎ เดตเดฐเตเด, เดชเดฟเดจเตเดจเต 509, 510 เดเดเตเดเดจเต เดเดเตเดเดจเต...",0
1180485277871218689,2019-10-05 14:09:57,เดฎเดพเดฐเดเดเตเดเดฟเดเตเดเต เดธเดฌเตเดเตเดฑเตเดฑเดฟเตฝ เดตเตเดฃเดฎเตเดจเตเดจเต เดชเดฑเดเตเดเดพเตฝ เดเดจเดฟเดเตเดเตเดเตเดเต เดธเดฌเตเดเตเดฑเตเดฑเดฟเดฒเดฟเดจเตเดฑเต เดเตเดเต เดกเดฟเดเตเดทเดฃเดฑเดฟเดฏเตเด เดตเตเดฃเตเดเดฟ เดตเดฐเตเดฎเดพเดฏเดฟเดฐเดฟเดเตเดเตเด.,4
1179836626631049219,2019-10-03 19:12:26,"เดเดฒเตเตบ เดฎเดธเตเดเดฟเดจเต เดเดฐเต เดเดคเดฟเดฐเดพเดณเดฟเดฏเดพเดฏเดฟ เดเดจเดฟ เดเดจเตเดฑเต เดเตเดตเดฟเดคเด เดฌเดพเดเตเดเดฟ.  เดฌเต เดเดฏเตเดธเต, เด เดเตเดตเดฟเดฑเตเดฑเต. https://t.co/epoXqwbBPZ",1
1179676088999514113,2019-10-03 08:34:31,เดเดฒเตเดฒเดฟเดเตเดเตเดเตเดเต เดตเดฐเตเดจเตเดจเดคเต เดเตเดเตเดเดฑเดฟเดจเตเดฐเดเดฟเดฏเดพเดฃเดฒเตเดฒเต!,0
1179675752306024448,2019-10-03 08:33:11,เดเดคเตเดจเตเดคเดพ เดเดจเตเดคเตเดเตเดเดฟเดฒเตเด เดชเตเดเดเตเดเดพเดฒเต เดเดเตเดเดจเตเดฏเตเดเตเดเต เดเดเดพเตป เดเดดเดฟเดฏเตเดตเตเดณเตเดณเต?,0
1179673714570473472,2019-10-03 08:25:05,I want to know what @elonmusk smoke everyday.  #NowReading #ElonMusk_AshleeVance,0
1179291657839271936,2019-10-02 07:06:56,"เดเดจเตเดจเดพ เดเดพเดจเตเดฐเต เดธเดคเตเดฏเด เดชเดฑเดฏเดพเด.., เดเดพเตป เดชเตเดฐเตเดเตเดเดพเดดเดฟเดฏเต เดตเดฑเตเดคเตเดคเต เดเดดเดฟเดเตเดเดฟเดเตเดเตเดฃเตเดเต.!",2
1179290573179633664,2019-10-02 07:02:37,เดเดฑเตเดฑเดตเตเด เดเตเดเตเดคเตฝ เดเดฑเตเดฑเตปเดทเตป เดธเตเดเตเดเตเดดเตเดธเดฟเดจเต เดเดพเตป เดเดฃเตเดเดคเต เดฑเตเดฏเดฟเตฝเดตเต เดชเตเดฒเดพเดฑเตเดฑเตเดซเตเดฎเดฟเดฒเดพเดฃเต...  #เดเดฟเดเตเดตเดฟเดฑเตเดฑเต,8
1179290133503381504,2019-10-02 07:00:52,เดธเดพเดงเดพ เดเดฐเดเดฟ เดเตฝเดฌเดฟเดจเต เดเดฏเดพเตฝ เดนเดฟเดฎเดเตเดเดฐเดเดฟ เดเดตเดฟเดฒเตเดฒ.  #เดชเดฑเดเตเดเตเดจเตเดจเตเดฏเตเดณเตเดณเต,1
1179289351714463744,2019-10-02 06:57:46,เดเดฟเดจเดฟเดชเตเดชเดจเตเดจเดฟเดฏเต เดเดเตเดเดจเต เดตเดฟเดณเดฟเดเตเดเตเดจเตเดจเดคเต เดชเดฐเดฟเดเดฃเดฟเดเตเดเดพเตฝ; เดชเตเดฐเตเดเตเดเดพเดดเดฟเดฏเต เดชเดจเตเดจเดฟเดฏเตเดฒเดฟ เดเดจเตเดจเต เดตเดฟเดณเดฟเดเตเดเตเดจเตเดจเดคเดฟเตฝ เดคเตเดฑเตเดฑเดฟเดฒเตเดฒ เดเดจเตเดจเดพเดฃเต เดเดคเดฟเดจเตเดฑเตเดฏเตเดฐเดฟเดคเต.,2
1179030051670482945,2019-10-01 13:47:24,เดจเดฟเดเตเดเตพเดเตเดเตเดเตเดเต เดคเดฎเตเดฎเดฟเดคเตเดคเดฒเตเดฒเดฟ เดเดคเตเดคเตเดเต เดเตเดเตเดเตเดเดพเดฐเต! ๐ค,4
1178979051744223233,2019-10-01 10:24:44,เดเดจเดชเตเดฐเดฟเดฏเดจเดพเดฏเดเดจเดพเดฏ เดฆเดฟเดฒเตเดชเดฟเดจเต เดชเดฟเดจเตเดจเตเดฏเตเด เดเดจเดชเตเดฐเดฟเดฏเดจเดพเดฏเดเตป เดเดจเตเดจเต เดตเดฟเดณเดฟเดเตเดเตเด เดชเตเดฒเต!  เดนเดฟเดนเดฟ,1
1178960334754893824,2019-10-01 09:10:22,เดเดเตเดเตเดฑเต เดฐเตเดช เดตเดเตเดเต เดเดเตเดเต เดฎเดฃเดฟเดเตเดเตเตผ เดเดฐเต เดฎเดพเดธเด เดเดฐเต เดตเตผเดทเด เดเตเดฒเดฟ เดเตเดฏเตเดคเดพเตฝ เดคเดจเตเดจเต เดเดฐเต เดฒเดเตเดทเดคเตเดคเดฟเดฒเดงเดฟเดเดฎเดพเดฏเดฟ เดเดฐเต เดฎเดพเดธเดคเตเดคเต เดธเดพเดฒเดฑเดฟ!โฆ https://t.co/LfqsWjrSnW,1
1178944064139485184,2019-10-01 08:05:43,เดเดเตเดเดพเดฆเดฎเดฟเดเต เดชเตผเดชเตเดชเดธเต เดเดจเตเดจเต เดชเดฑเดเตเดเดคเตเดเตเดฃเตเดเต เดเตผเดเตเดเดฟ เดเดฟเดเตเดเตเดฎเดพเดฏเดฟเดฐเดฟเดเตเดเตเด; เดเดธเตเดฏ เดเตเดฃเตเดเดพเดฃเตเดจเตเดจเต เดชเดฑเดเตเดเดพเตฝ เดเดฐเต เดเตผเดเตเดเดฟ เดคเดฐเดพเดจเดพเดฃเต!,1
1178943846249586693,2019-10-01 08:04:51,เดเดฐเต เดฎเดฃเดฟเดเตเดเตเตผ เดเตเดฒเดฟ เดเตเดฏเตเดฏเตเดจเตเดจเดคเดฟเดจเต เดจเดฟเดเตเดเตพเดเตเดเต เดเดฟเดเตเดเตเดจเตเดจ เดตเตเดคเดจเด เดเดคเตเดฐเดฏเดพเดฃเต? (INR)  #เดเดเตเดเดพเดฆเดฎเดฟเดเต_เดชเตผเดชเตเดชเดธเต,0
1178406705304080384,2019-09-29 20:30:26,:(  https://t.co/5fZJvOI2XQ,0
1178404822246182912,2019-09-29 20:22:57,"เดชเตเดฐเดพเดฃเดเตเดเดณเดฟเดฒเต เดชเดฟเดณเตเดณเตเตผเดเตเดเตเดเตเดเต เดเดจเตเดจเดพ เดเดฟเดเดฟเดฒเตป เดชเตเดฐเดพเดฏเดฟเดฐเตเดจเตเดจเต., เดนเต!",2
1178403203433603072,2019-09-29 20:16:32,เดเดคเดฟเดจเตเดจเตเดจเตเดฎเดฟเดฒเตเดฒ.,0
1178403024361938944,2019-09-29 20:15:49,เดฌเดพเดฒเตป เดเต เดจเดพเดฏเดฐเตเดเต เดฎเดเดจเดพเดฏเดฟเดฐเตเดจเตเดจเต เดฎเตเดเดจเดพเดฅเดจเตเดจเตเดจเต เดเดพเตป เดคเดฟเดฐเดฟเดเตเดเดฑเดฟเดเตเดเดคเต เดตเตเดเดฟเดฏเดพเดฏเดฟเดฐเตเดจเตเดจเต!,1
1178401598135001090,2019-09-29 20:10:09,เดเดคเตเดจเตเดจเตเดฏเดฒเตเดฒเต เดเดจเตเดจเต เดเดฟเดจเตเดคเดฟเดเตเดเตเดจเตเดจเดฟเดเดคเตเดคเต เดจเดฟเดเตเดเตพ เดเดเตเดเดฐเดพเดฃเตเดจเตเดจ เดคเดฟเดฐเดฟเดเตเดเดฑเดฟเดตเดฟเดฒเตเดเต เดจเดฟเดเตเดเตพ เดตเดฟเดเตเดเดพเดจเดคเตเดคเดฟเดจเตเดฑเต เดเดฆเตเดฏเดชเดเดฟ เดเดฏเดฑเตเดเดฏเดพเดฃเต เดธเตเตผเดคเตเดคเตเดเตเดเดณเต!,1
1178373069318053894,2019-09-29 18:16:47,เดเดชเตเดชเต เดถเดฐเดฟเดฏเดพเดฏเดฟ...  เดตเดฏ : เตผเดทเตเดฏเตเดเตเด https://t.co/zMXu7wzweF,6
1178368792856088585,2019-09-29 17:59:47,เดเดตเดจเต เดเตเดฑเตเดฑเด เดชเดฑเดฏเดพเดจเตเด เดชเดฑเตเดฑเดฟเดฒเตเดฒ... เดเดตเดจเตเดฑเดเตเดคเตเดคเต เดเดพเตป เดตเดตเตเดตเดพเตฝ เดฎเดจเตเดทเตเดฏเดจเตเด; เดฎเดฑเตเดฑเต เดฐเดฃเตเดเต เดชเตเดฐเตเดเต เดเดเตเดคเตเดคเต เดเดพเตป เดเดเตเดเดพเดฎเตเดเตเดเดฏเตเดฎเดพเดฏเดฟเดฐเตเดจเตเดจเต!,5
1178221393420439552,2019-09-29 08:14:05,เดตเดตเตเดตเดพเดฒเดฟเดจเตเดฑเต 'เดตเตเดต'เดฏเตเดฏเตเด เดเดเตเดเดฏเตเดเต 'เดเตเด'เดฏเตเดฏเตเด เดชเดฑเตเดฑเดฟ เดเดทเตเดฏเตเดเตเด เดชเดฑเดเตเดเดคเต เดเตเดเตเดเดชเตเดชเตเตพ; เดคเตเดฎเตเดฎเดจเตเดฎเตเดฎเดเตเดเดณเดฟเดฒเตเด เดธเดฒเดฟเดเดเตเดฎเดพเตผ เดชเดฑเดเตเดเดคเดพโฆ https://t.co/Az5cLsyWZk,4
1178220777868550144,2019-09-29 08:11:38,เดตเดพเดตเต... เดเดฆเตเดตเตเดคเดฆเตผเดถเดจเด!,0
1178219494021500929,2019-09-29 08:06:32,เดนเดฟเดนเดฟ!,0
1178219466351665157,2019-09-29 08:06:25,เดเดพเดฐเดฃเด; เดเดคเต เดเดพเตป เดคเดจเตเดจเตเดฏเดพเดฃเดฒเตเดฒเต!,1
1178219341155913728,2019-09-29 08:05:55,เดเตเดตเดฟเดฑเตเดฑเดฑเดฟเตฝ เดตเดจเตเดจเดเดพเดฒเด เดฎเตเดคเดฒเตเดเตเดเต เดเดจเดฟเดเตเดเต เดเดเตเดเดพเดฏเตเดฏเตเด เดตเดตเตเดตเดพเตฝเดฎเดจเตเดทเตเดฏเดจเตเดฏเตเด เดตเตเดฏเดเตเดคเดฟเดชเดฐเดฎเดพเดฏเดฟ เดเดฑเดฟเดฏเดพเด!,2
1178218689461673984,2019-09-29 08:03:20,เดเดเตเดเตเดฐเดฟเดคเต เดธเตเดฐเดฟเดฏเดธเดพเดฏเดฟ เดชเดฑเดฏเตเดจเตเดจเดคเต เดคเดจเตเดจเตเดฏเดพเดฃเต?!,0
1177599072267636737,2019-09-27 15:01:12,เดเดธเตเดฏเดพเดฒเตเดเตเดเตพ เดเดฆเดพเดฐเดฎเดคเดฟเดเดณเดพเดฏเดฟเดฐเดฟเดเตเดเตเดฎเตเดจเตเดจเต เด เดตเดฟ เดเตเดทเตเดฃเดชเตเดชเดฟเดณเตเดณ เดชเดฑเดเตเดเดฟเดเตเดเตเดฎเตเดฃเตเดเต...,3
1177597422559780869,2019-09-27 14:54:38,เดจเดฟเดเตเดเดณเตเดฏเดพเตผเดเตเดเดฟเดฏเดเดฟเดเตเดเต เดซเตเดฐเต เดชเดฌเตเดฒเดฟเดธเดฟเดฑเตเดฑเดฟ เดเตเดเตเดเตเดเตเดจเตเดจเดคเตเดเตเดเต เดเดคเตเดฎเดพเตผเดคเตเดฅเดฎเดพเดฏเดฟ เดคเดจเตเดจเตเดฏเดพเดฃเตเดเตเดฏเต?!,2
1177597050994745344,2019-09-27 14:53:10,เดเดตเดฟเดเตเดจเตเดจเต เดเดฐเตเดเตเดเดฟเดฒเตเด เดเดเตเดเต เดจเดฒเตเดฒ เดจเดฟเดฒเดฏเดฟเดฒเดพเดเตเดจเตเดจเดคเต เดเดพเดฃเตเดฎเตเดชเตเตพ เดเดจเดฟเดเตเดเตเดเตเดเต เดเดธเตเดฏเดฏเดพเดฃเต!,6
1177561619121020928,2019-09-27 12:32:22,เดนเดฟเดนเดฟ!,0
1177463388869316609,2019-09-27 06:02:02,เดเดเตเดเตเตผเดเต เดเดธเดพเดฎเดฟเดฒเต เดเตเดทเดฟเดฏเตเดชเตเดชเดฑเตเดฑเดฟ เดจเดฟเดเตเดเตพเดเตเดเดฑเดฟเดฏเดพเดฎเต?!  #เดคเดฟเดฐเดเตเดเดฟเดเตเดเดเตเดตเดฟเดคเดคเตเดคเดฟเดจเดฟเดเดฏเดฟเตฝ,1
1177463010689830914,2019-09-27 06:00:32,เดฎเดพเดฃเดฟ เดธเดฟ เดเดพเดชเตเดชเตป เดธเดเดตเดฟเดงเดพเดจเด เดเตเดฏเตเดค เดธเดฟเดจเดฟเดฎ เดเดฐเต เดฌเดเดเดพเดณเดฟ-เดเดธเดพเดฎเตเดธเต เดธเดฟเดจเดฟเดฎเดฏเดพเดฃเตเดจเตเดจเต เดจเดฟเดเตเดเตพเดเตเดเดฑเดฟเดฏเดพเดฎเต?,1
1177461936239169537,2019-09-27 05:56:16,"เดเดจเตเดจเดพ เดเดพเดจเตเดฐเต เดธเดคเตเดฏเดฎเตเดชเดฑเดฏเดพเด.., เด เดฎเดพเดฃเดฟ เดธเดฟ เดเดพเดชเตเดชเตป เดเดจเตเดฑเต เดเตเดฑเดฟเดฏเตเดฐเต เดฌเดจเตเดงเตเดตเดพเดฃเต!",3
1177460377132470279,2019-09-27 05:50:04,เดทเดพเดเดฟเดชเตเดชเดพเดชเตเดชเตป เดชเตเดฒเตเด...,0
1177460266679726080,2019-09-27 05:49:38,เด เดฐเดฃเตเดเดพเด เดญเดพเดเด เดเดเตเดเตเดเตเดจเตเดจ เดธเดฟเดจเดฟเดฎเดเดณเดฟเดฒเตเดฒเตเดฒเดพเด เดจเดพเดฏเดฟเด เดฎเดพเดฑเตเดจเตเดจเดคเตเดจเตเดคเตเดเตเดฃเตเดเดพเดฃเตเดจเตเดจเต เดฎเดจเดธเตเดธเดฟเดฒเดพเดเตเดจเตเดจเดฟเดฒเตเดฒ.,3
1177314388853841920,2019-09-26 20:09:58,เดฎเตเดคเตเดคเดถเตเดถเดฟเดฏเดฟเดฒเตเดฐเต เดเดกเดพ(เดเดพ?)เดฏเต...,0
1177314096439549953,2019-09-26 20:08:48,เดชเดฃเตเดเต เดเตเดเตเดเดฟเดเดณเตเดเต เดฆเตเดชเดฟเดเดฏเดฟเตฝ เดเดฐเต เดคเดเตเดเตเดเต เดเดฎเตเดฎเดพเดตเตป เดเดฃเตเดเดพเดฏเดฟเดฐเตเดจเตเดจเต! เดเดฟเดเตเดตเดพเดฏเดฟเดฐเตเดจเตเดจเต!,0
1177313241782992896,2019-09-26 20:05:24,เดเดฐเต เดฒเดฟเดเตเดเต เดฒเตเดเตเดเดฟ เดเดจเตเดจเต เดตเดพเดฏเดฟเดเตเดเตเดจเตเดจเต เดเดฐเตเดคเดฟ เดเดฟเดฃเตเดเดฟ เดเดฟเดเตเดเดฟ เดเดจเตเดจเต เดตเดพเดฏเดฟเดเตเดเตเดฎเตเดจเตเดจเต เดตเดฟเดเดพเดฐเดฟเดเตเดเต! เดนเดฎเตเดชเดเดพ.,1
1177311559510634506,2019-09-26 19:58:43,เดฒเดฟเดเตเดเตเดจเตเดจเดพเดฏเดฟเดฐเตเดจเตเดจเต! เดเดพเตป เดตเดพเดฏเดฟเดเตเดเดคเต เดฒเตเดเตเดเดฟเดฏเตเดจเตเดจเดพ...   เดนเดฟเดนเดฟ!,1
1177310414750830597,2019-09-26 19:54:10,เดเดชเตเดชเตเด เดเดเดฒเตเด.,1
1177175588118966272,2019-09-26 10:58:25,เดเดจเดพเดฅเดฎเดพเดฏ เดฑเตเดชเตเดฒเตเดเดณเดฟเตฝ เดเดจเดฟเดเตเดเตเดฑเตเดฑเดตเตเด เดเดทเตเดเด เดฎเดพเดฐเดเตเดเตเดเดจเตเดฑเตเดคเดพเดฃเต; เดชเดฟเดจเตเดจเตเดฏเดฟเดทเตเดเด เดเตเดเตเดเดพเดฏเดฟเดฏเตเดเตเดคเตเด...,1
1177174565040152576,2019-09-26 10:54:21,เดนเดฏเตเดฏเต! เดเดจเตเดฑเต เดฑเดฟเดชเตเดฒเตเดฏเดจเดพเดฅเดฎเดพเดฏเดฟ!,1
1177163032679596032,2019-09-26 10:08:32,https://t.co/B4Olv09fPP,0
1177162744451272704,2019-09-26 10:07:23,Acranthylamide เดเดจเตเดจเต เดเดพเตป เดชเดฑเดเตเดเดคเต Anandamide เดฑเตเดซเตผ เดเตเดฏเตเดคเดพเดฏเดฟเดฐเตเดจเตเดจเตเดขเดพ!,2
1177162299561451521,2019-09-26 10:05:37,เด เดชเตเดฒเดพเดธเตเดฑเตเดฑเดฟเดเต เดเดชเดญเตเดเด เดเตเดฑเดเตเดเตเดจเตเดจเดคเต เดจเดฎเตเดฎเตพ เดเดฐเต เดเดฒเดเตเดเดพเดฏเดฟ เดนเดพเดทเตเดเดพเดเดฟเตฝ เดเดฟเดคเตเดฐเดเตเดเตพ เดธเดนเดฟเดคเด เดเตเดตเตเดฑเตเดฑเดฟเดฏเดพเตฝ เดเดฟเดเต เดเดตเดฟเดฒเตเดฒเต?!,0
1177161413078523904,2019-09-26 10:02:06,เดคเดพเดเตเดเตเดฏเต @_leppi เดเตเดเตเดเต... ๐,1
1177161223995047936,2019-09-26 10:01:21,"เดเดคเต เดเตเดฑเดฏเตเดเตเดเดพเตป เดเดฐเต เดตเดดเดฟเดฏเตเดฃเตเดเดฒเตเดฒเต! เดเดจเดฟ เดเดคเต เดเดฐเต เดชเตเดฒเดพเดธเตเดฑเตเดฑเดฟเดเต เดฌเดเตเดเดฑเตเดฑเดฟเตฝ เดเดณเดเตเดเต เดเตเดฏเตเดคเดฟเดเตเดเต, เดเดคเต เดเตเดฃเตเดเตเดชเตเดฏเดฟ เดเดณเดเตเดเดพเตฝ เดฎเดคเดฟเดฏเดฒเตเดฒเต!",5
1177159528925880320,2019-09-26 09:54:36,เดชเดฟเดจเตเดจเต เดเตปเดตเดฏเตเตบเดฎเตเดจเตเดฑเตฝ เดธเตเดจเตเดฑเดฟเดธเตเดฑเตเดฑเดพเดฏ เดเตเดเตเดเดคเตเดคเตเดฏเดฎเตเดฎเดฏเต เดเดจเตเดคเตเดฒเตเด เดเดฃเตเดเตเดชเดฟเดเดฟเดเตเดเดพเตป เดฎเตเดเตเดเดฟเดตเตเดฑเตเดฑเต เดเตเดฏเตเดฏเดพเดฑเตเดฃเตเดเต!,1
1177159126276874240,2019-09-26 09:53:00,เดชเตเดฐเดตเดพเดธเดฟเดฏเดพเดฏเดคเตเดเต เดชเตเดฒเดพเดธเตเดฑเตเดฑเดฟเดเต เดเดชเดฏเตเดเด เดเตเดเตเดเดฏเดพเดฃเตเดฃเตเดเดพเดฏเดคเต... เดตเตเดธเตเดฑเตเดฑเต เดเดณเดฏเดพเดจเดพเดฏเดฟ; เดทเตเดชเตเดชเดฟเดเดเดฟเดจเต เดชเตเดเตเดฎเตเดชเตเตพ เดตเตเดฃเตเดเตเด เดชเตเดฒเดพเดธเตเดฑเตเดฑเดฟโฆ https://t.co/HMZgQlxO9w,3
1176879024204857344,2019-09-25 15:19:59,"เดธเตเดจเตเดกเดจเตเดฑเต เดชเตเดคเดฟเดฏ เดฌเตเดเตเดเต เดเดฟเดเตเดเดฟเดฏเดฟเดเตเดเตเดฃเตเดเต.., เดตเดพเดฏเดฟเดเตเดเดฟเดเตเดเดฟเดจเดฟเดฏเตเดตเดดเดฟ เดตเดฐเดพเด เดเดฏเตเดธเต... เดเตฝเดตเดฟเดฆเดพ...",4
1176836764536836099,2019-09-25 12:32:03,เดนเต! เดธเตเตปเดธเดฟเดฑเตเดฑเตเดตเต เดเดฃเตเดเดจเตเดฑเต!,0
1176150057084772353,2019-09-23 15:03:20,เดจเดฟเดเตเดเตพเดเตเดเตเดเตเดเต 'เดฒเตเตพ' เดเดจเตเดจเต เดเดฟเดฐเดฟเดเตเดเตเดจเตเดจเดคเดฟเดจเตเดชเดเดฐเด 'เดนเดฟเดนเดฟ' เดเดจเตเดจเต เดเดฟเดฐเดฟเดเตเดเตเดเต? เดเดคเตเดฐ เดฎเดงเตเดฐเดฎเดพเดฃเดพ เดเดฟเดฐเดฟ!   เดนเดฟเดนเดฟ #StopLolImposition #SaveHiHi,8
1176054748870598661,2019-09-23 08:44:36,เดเดฐเต เดฑเตเตพเดธเต เดฑเตเดฏเตเดธเต เดเตเดเต เดตเดพเดเตเดเดฟเดฏเดฟเดเตเดเต... เดนเดฟเดนเดฟ.,0
1176054640057704448,2019-09-23 08:44:10,เดเดจเดฟ เดฌเตเดฌเดฟ เดเตเดฎเตเดฎเดฃเตเดฃเตเดฐเดฟเดจเตเดฑเต เดเดเตเดเตเด เดฎเตเดฃเตเดเตเดเตเดคเตเดคเต เดถเดฟเดทเตเดเดเดพเดฒเด เดเตเดตเดฟเดเตเดเดพเดจเดพเดฃเต เดชเตเดฒเดพเตป.,2
1176041248756572162,2019-09-23 07:50:58,เดเดฐเต เดเตเดตเตเดฑเตเดฑเต เดเตเดตเตเดเตเดเต เดเตเดฏเตเดคเต เดตเดดเตเดคเดจเดฏเดฟเดฒเต เดธเดเดตเดฟเดงเดพเดฏเดเตป เดชเดฑเดเตเดเดชเตเดฒเต เดชเดฑเดฏเดพเตป เดคเตเดจเตเดจเดฟเดฏเดคเดฟเดจเต เดเดเดฟเดเตเดเดฎเตผเดคเตเดคเดฟ!,0
1176039280856244226,2019-09-23 07:43:08,เดเดจเตเดจเดพเดฃเดฒเตเดฒเต เดชเตเดฐเดฃเดพเดฎเด.,0
1176039206021472256,2019-09-23 07:42:51,Martin Luther King Jr. โ 'One has a moral responsibility to disobey unjust laws.',1
1176038972222562304,2019-09-23 07:41:55,เดงเดพเตผเดฎเตเดฎเดฟเดเดฎเดพเดฏ เดเดคเตเดคเดฐเดตเดพเดฆเดฟเดคเตเดตเด เดเดฃเดเตเดเดฟเดฒเดฏเดเตเดคเตเดคเต เดเตผเดเตเดเดฟ เดเตบเดกเต เดเตเดฏเตเดคเต...,1
1176026819407032320,2019-09-23 06:53:37,เดนเดฟเดนเดฟ https://t.co/KN97TpEkFY,0
1175728516756922375,2019-09-22 11:08:17,#RowdiModi ๐ค,0
1175653639337238528,2019-09-22 06:10:44,เดเดฐเตเด เดธเดเตเดเดฐเดฟเดเตเดเดพเดคเตเดค เดตเดดเดฟเดตเดเตเดเดฟเดฒเดฟเดฐเตเดจเตเดจเต เดเตเดเตเดเตเดเดณเดฟเดฏเตเดเต เดจเดฟเดฏเดฎเดเตเดเตพ เดเดฆเตเดฏเด เดเดฃเตเดเดพเดเตเดเดฟเดฏเดคเต เดเดฐเดพเดฃเดพเดตเต?  #เดเตเดเตเดเดฟเดเตเดเตเดธเดพเดนเดฟเดคเตเดฏเดฎเดฟเดทเตเดเดฎเดฒเตเดฒเต,0
1175639331484196864,2019-09-22 05:13:53,"""เดฎเดฃเดฎเต, เดเดเตเดเตเดเตเดเต เดตเดฐเดฐเตเดคเต! เดเดตเดฟเดเตเดฐเต เดฌเตเดฐเดพเดนเตเดฎเดฃเตป เดคเดพเดฎเดธเดฟเดเตเดเตเดจเตเดจเตเดฃเตเดเต!""",4
1175502109883740160,2019-09-21 20:08:37,เดเดจเตเดจเตเดเตเดเตเดฃเตเดเดฟเดคเต เดชเดฑเตเดฑเตเดฎเตเดจเตเดจเต เดคเตเดจเตเดจเตเดจเตเดจเดฟเดฒเตเดฒ...  #I_quit :(,3
1175498502656409600,2019-09-21 19:54:17,เดนเดฏเตเดฏเต! เดเดจเตเดฑเต เดฎเตเดเดเดฎเตเดเดฟ... #เดชเตเดฏเดฟเดเตเดเดเดจเตเดจเตเดฑเดเตเดเดฟเดฏเตเดเตเดเดพเด,2
1175495891240783875,2019-09-21 19:43:54,เดเดพเดจเตเดฐเต เดจเดฟเดฎเดฟเดทเด เดตเดฟเดเดพเดฐเดพเดงเตเดจเดจเดพเดฏเดฟ เดชเตเดฏเดพเตผเดจเตเดจเต!,1
1175493262481776642,2019-09-21 19:33:28,เดเดฒเตเดฏเดพเดฃเด เดเดดเดฟเดเตเด เดธเตเดตเตเดธเตเดเดฟเดฏเดพเดฃเต เดเดพเตป...,1
1175472194056531968,2019-09-21 18:09:44,เดนเดพเดชเตเดชเต เดฌเดพเดฑเตเดฑเตเดฎเดพเตปเดกเต เดเตเดฏเตเดธเต! https://t.co/8RMUiDMykh,1
1175468398769295361,2019-09-21 17:54:40,"เดเดคเตเดคเดฐเดงเตเดฐเตเดตเดคเตเดคเดฟเตฝ เดจเดฟเดจเตเดจเดพเดฃเตเดเตเดเดฟเดฒเตเด เดเดพเตป ""#เดเตเด_เดคเตเดฐเตป"" เดเดฃเต.",6
1175467687209766916,2019-09-21 17:51:50,"เดเดฏเตเดธเต, เดเดพเดจเตเดคเตเดคเดฐเดงเตเดฐเตเดตเดคเตเดคเดฟเตฝ เดจเดฟเดจเตเดจเต เดตเดจเตเดจเดคเดพเดฃเต; เดเดจเดฟเดเตเดเต เดตเตเดฑเต เดฌเตเดฐเดพ'เดเตเดเต'เดเดณเดฟเดฒเตเดฒ...",6
1175463933668446210,2019-09-21 17:36:55,เดฑเดเตเดฌเต เดฒเตเดเดเดชเตเดชเต เดเดพเดฃเดพเตป เดเดชเตเดชเดพเดจเดฟเตฝ เดตเดจเตเดจเดคเดพเดฃเต! https://t.co/Zb7WWEQ0LI,6
1175460895746613251,2019-09-21 17:24:51,เดธเดคเตเดฏเดฎเตเดชเดฑเดฏเดพเดจเตเดจเดฟเดเตเดเดพเดฐเตเด เดชเตเดเดฟเดฏเดฟเดฒเตเดฒ...,1
1175460418422267904,2019-09-21 17:22:57,เดชเตเดฐเตเดกเต เดเดฒเดฟเดชเตเดชเตเดเตเด เดซเดพเตป! ๐ค,1
1175442148105342976,2019-09-21 16:10:21,เดเดฃเตเดฃเตเดจเดฟเดฑเดเตเดเต เดฎเตเดเตเดเต เดคเดณเตเดณเดฟ เดจเดฟเตฝเดเตเดเตเดจเตเดจ เดเดฎเตเดเดฟ เดเดจเดฟเดเตเดเต เดญเดฏเดเตเดเดฐ เดเดทเตเดเดฎเดพเดฃเต...,1
1175441575578615816,2019-09-21 16:08:04,เดเดจเตเดจเดพ เดเดพเดจเตเดฐเต เดธเดคเตเดฏเด เดชเดฑเดฏเดพเด; เดเตผเดเตเดเดฟเดเดเดคเตเดคเดฟเตฝ เดเดดเดฟเดเตเดเตเดจเตเดจ เดฒเตเดนเตเดฏเดฎเตเดฃเตเดเดพเดเตเดเดพเตป เดเดจเดฟเดเตเดเดฑเดฟเดฏเดพเด...,0
1175441186959630336,2019-09-21 16:06:32,เดตเตเดณเตเดณเดฎเดเดฟเดเตเดเต เดเดดเดฟเดเตเดเดพเตฝ เดจเดฎเตเดฎเตเดเต เดเดเต เดเดฒเดฟเดเตเดเต เดชเตเดเตเดฎเตเดจเตเดจเต เดชเดฑเดฏเตเดจเตเดจเดคเต เดธเดคเตเดฏเดฎเดพเดฃเต เดธเตเดเตเตผเดคเตเดคเตเดเตเดเดณเต?,0
1175415630939508738,2019-09-21 14:24:59,เดตเดดเตเดคเดฟเดจเดฏเดฒเตเดฒ เดธเตเดเตเดเดพ เดตเดดเตเดคเดจ.,0
1175415216278032384,2019-09-21 14:23:20,"เดฆเตเดถเตเดฏเดคเตเดคเดฟเดฒเต เดเตเตผเดเตเดเตเดเตเดเดฟ เดเดฃเต เดจเดฎเตเดฎเดณเตเดจเตเดจเต  เดจเดฎเตเดเตเดเต เดคเตเดจเตเดจเตเด., เดชเดเตเดทเต เดเดเดฟเดฒเต เดเดฌเตเดตเดพเดฃเต เดจเดฎเตเดฎเดณเตเดจเตเดจเดพเดตเตเด เดจเดฎเตเดฎเดณเตเดชเตเดชเดฑเตเดฑเดฟ เดเดฒเตเดฒเดพเดตเดฐเตเดโฆ https://t.co/5hqaowRqXV",2
1175413712188059650,2019-09-21 14:17:21,เดเดเตเดเดจเดพเดฃเตเตฝ เดเตเดฐเดพเดฎเดซเตเดฃเดฟเดจเตเดฑเต เดเตเดฒเตเดฎเดพเดเตเดธเดฟเดจเตเดชเตเดชเดฑเตเดฑเดฟ เดเดจเดฟเดเตเดเต เดเดฟเดฒเดคเต เดธเดเดธเดพเดฐเดฟเดเตเดเดพเดจเตเดฃเตเดเต!,0
1175412756943650816,2019-09-21 14:13:34,เดเดนเต; เดเดตเตป เด เดเดเตเดเตเดฃเตเดเดฟเตฝ เดฑเดฟเดชเตเดฒเต เดเดเตเดเดฟเดเตเดเตเดฏเดเตเดเตเดฃเตเดเดฟเตฝ เดเตเดฃเตเดเดฑเดเดฟเดเตเดเตเดเดฏเดพเดฃเต!,0
1175338961188937728,2019-09-21 09:20:19,เดเตเดฎเดกเดฟเดฏเดเดฟเดเตเดเดพเตป เดตเตเดฃเตเดเดฟ เดเดตเตป เดคเดจเตเดจเต เดเดฏเดเตเดเดคเดพเดเดพเดจเตเด เดธเดพเดงเตเดฏเดคเดฏเตเดฃเตเดเต..,0
1175320748552011776,2019-09-21 08:07:57,"๐ถเดเดธเตเดชเดคเตเดฐเตเตฝ เดเดฟเดเตเดเตเดฎเดคเต เดเดธเดฟ; เดเดธเดฟ เดเตเดคเตเดคเดฃ เดชเตเดฃเตเดฃเดฟเตป เดชเตเดฐเต เดธเตเดธเดฟ... เดธเตเดธเดฟ เดเตเดคเตเดคเดฃ เดเดธเดฟ เดตเตเดฃเดฎเตเดฎเดพ; เดเดเดฟ เดคเดเตเดเดฎเตเดฎเดฃเต, เดเดธเดฟ เดเตเดคเตเดคเดฃ เดธเตเดธเดฟเดจเต เดตเตเดฃเดฎเตเดฎเดพ...๐ต",2
1175318908078841856,2019-09-21 08:00:38,เดเดฒเตเดฒเตเดฒเตเด เดเดจเตเดจเต เดฎเตเดคเตฝ เดชเดคเตเดคเต เดตเดฐเตเดฏเตเดณเตเดณ เดธเดเดเตเดฏเดเดณเดฟเตฝ เดเตผเดชเดคเดฟเดจเต เดฎเดพเดคเตเดฐเด เดจเดพเดฒเดเตเดทเดฐเด เดเตเดเตเดคเตเดคเดคเต เดฎเตเดถเดฎเดพเดฏเดฟเดชเตเดชเตเดฏเดฟ!,1
1175317565230460929,2019-09-21 07:55:18,เด เดเตเดตเตเดฑเตเดฑเต เดฌเดฟเดจเต เดเดเดฟเดฎเดพเดฒเดฟเดฏเตเดเต เดถเดฌเตเดฆเดคเตเดคเดฟเตฝ เดตเดพเดฏเดฟเดเตเดเต เดจเตเดเตเดเต เดเดฐเดพเดงเดเดฐเต...  เดเดจเตเดจเดฟเดเตเดเตเดจเดฟเดเตเดเดพเตผเดเตเดเดฟ เดคเดฐเต...,1
1175316920146505728,2019-09-21 07:52:44,'เดเดฟเดเตเดเดพเด เดเดฟเดเตเดเดพเด เดเตเดคเดชเตเดชเตเดฃเตเดฃเต'เดจเตเดจเต เดตเดฟเดณเดฟเดเตเดเดพเตป เดเตเดคเดชเตเดชเตเดฃเตเดฃเตเดจเตเดคเดพ เดเตเดดเดฟเดฏเดพเดฃเต?  เดนเตเดนเตเดนเตเดนเต,6
1175140384844013571,2019-09-20 20:11:15,เดเดฐเต #เดนเดนเดน เดเดเตเดเดคเดฟเดจเตเดถเตเดทเดตเตเด เดเดเตเดเดจเดพเดตเตเด เดเดฐเต เดถเดฐเดพเดถเดฐเดฟ เดเตเดตเตเดชเตเดชเต. https://t.co/2Og0W2ABtx,5
1175139152263823361,2019-09-20 20:06:21,"เดถเตเดถเตเดเดพ, เดเตฝเดชเตเดชเด เดฌเตเดฆเตเดงเดฟเดเตเดตเดฟเดฏเดพเดเดพเดจเตเดจเตเตผเดคเตเดคเดชเตเดชเตเตพ เดเดฐเต เดซเตเดณเตเดตเตผ เดเตบเดซเตเดณเต เดเตเดฏเตเดคเต เดชเตเดฏเดฟ!  #เดเดฃเตเดฃเดฟเดเตเดเตเดเตเดเดฏเดชเตเดชเด",4
1175137206631092224,2019-09-20 19:58:37,เดเดคเดฟเดจเตเดชเตเดชเดฑเตเดฑเดฟ เดเดเตเดเต เดเดงเดฟเดเดพเดฐเดฟเดเดฎเดพเดฏเดฟ เดธเดเดธเดพเดฐเดฟเดเตเดเดพเตป เดชเดฑเตเดฑเดฟเดฏ เดเดฐเดพเดณเต เดเดจเดฟเดเตเดเดฑเดฟเดฏเดพเด -&gt; @AkhilanIN,1
1175135591559770112,2019-09-20 19:52:12,เดเดคเดฟเดฒเตเดฐเต เดจ เดเตเดฑเดตเตเดฃเตเดเต. เดตเตเดฏเดเตเดเดจเด. เดเต...,1
1175133891532861441,2019-09-20 19:45:27,เดนเดฎเตเดชเด 'เดซ' เดเดฐเต เดเดทเตเดเตเดฏเดธเตเดชเตผเดถเดตเตเดฏเดเตเดเดฎเดพเดฏเดฟเดฐเตเดจเตเดจเต?  #StopHindiImposition #เดเดฆเตเดฏเดฎเตเดฎเดฒเดฏเดพเดณเดฎเตเดชเดเดฟ https://t.co/owCRVPVQpy,1
1175131419548536832,2019-09-20 19:35:37,'เดชเดเตเดเดฟเดฏเตเดฃเตเดเต?'  'เดเตเดเตเดเดฟเดฏเดฟเดเดพเด'...,0
1175128824654258177,2019-09-20 19:25:19,"'เดซเตเดญ' เดเดจเตเดจเดพเดฃเต, 'เดชเตเดซ' เดเดจเตเดจเดพเดฃเต, เดเดคเต 'เดชเตเดญเดพ' เดเดจเตเดจเดพเดฃเต?  #เดเตเดจเตเดตเดฟเดฃเตเดเตเดเตเดเต",0
1175116364614381569,2019-09-20 18:35:48,"เดเดณเดฟเดฏเตเดเตเดเดพเตฝ เดเดจเตเดจเตเดฐเต เดธเดฟเดจเดฟเดฎ เดเดพเดฃเตเดเดฏเดพเดฃเต. เดเดคเดฟเดจเต เดถเตเดทเด เดเดณเดฟเดตเตเดเต, เดเดณเดฟเดฏเดพเดเตเดเด เดเดจเตเดจเต เดธเดฟเดจเดฟเดฎเดเตพ เดฏเดฅเดพเดเตเดฐเดฎเด เดเดพเดฃเดพเดจเดพเดฃเต เดชเตเดฒเดพเตป.",1
1175111387292622849,2019-09-20 18:16:01,เดเดพเตป เดเดพเดจเดพเดฃเตเดจเตเดจเดพเตผเดเตเดเตเด เดฎเดจเดธเตเดธเดฟเดฒเดพเดเดพเดคเดฟเดฐเดฟเดเตเดเดพเตป เดฎเดฑเตเดฑเต เดเดเตเดเตเดฃเตเดเดฟเตฝ เดเดฏเดฑเดฟ เดเดพเตป เดเดฟเดเตเดตเดพเดฃเตเดจเตเดจเตเดฐเต เดเตเดตเตเดฑเตเดฑเดฟเดเตเดเต!,3
1175110771971448832,2019-09-20 18:13:35,เดฎเดพเดฐเดเดจเต เดคเตเดเตเดเดฟเดจเตเดเตเด เดเดฃเตเดเดฏเตเดเตเดฎเตเดเตเดเต เดคเดพเดคเตเดชเดฐเตเดฏเด เดคเตเดจเตเดจเดฟเดฏเดฟเดฒเตเดฒเตเดเตเดเดฟเดฒเต เดเดคเตเดญเตเดคเดฎเตเดณเตเดณเต.  เดนเตเดนเต!,2
1175026003019784193,2019-09-20 12:36:44,เด เดเตเดตเตเดฑเตเดฑเดฟเดจเต เดเตผเดเตเดเดฟเดฏเดเดฟเดเตเดเตเดจเตเดจ เดฒเตเดกเตเดเตเดตเตเดชเตเดชเตเดเดณเต เดเดพเดจเดฟเดจเตเดจเตเดจเตเดฑเต เดชเตเดฐเดพเตผเดคเตเดฅเดจเดฏเดฟเตฝ เดเตผเดเตเดเดพเด. ๐ค https://t.co/iPYJBawf38,0
1175025175831732224,2019-09-20 12:33:27,"""เดเด เดเดพเดฎเดฆเตเดตเดพเดฏ เดตเดฟเดฆเตเดฎเดนเต เดชเตเดทเตเดชเดฌเดพเดฃเดพเดฏ เดงเตเดฎเดนเต เดคเดจเตเดจเตเดจเดเด เดชเตเดฐเดเตเดฆเดฏเดพเดฒเตโ""  เดฏเดถเตเดงเต.......",7
1175021178819416064,2019-09-20 12:17:34,เดเดตเดฟเดฒเตเดธเต เดชเตเดเดฟเดฏเดฟเตฝ เดเดตเดฟเดฒเดฟเดเตเดเต เดเดตเดฟเตฝเดธเตเดเตเดตเดฏเดฑเตเดธเต เดเดดเดฟเดเตเดเตเดฃเตเดเดฟเดฐเดฟเดเตเดเตเดเดฏเดพเดฃเต...  เดเดเดเด...,2
1175020163021836288,2019-09-20 12:13:32,เดเตเดฒเตเดฒเดฟเดเตเดเตเดเตเดเต เดเดจเตเดจเต เดเดเดเตเดฒเตเดทเดฟเตฝ เดเดดเตเดคเดฟเดฏเดฟเดเตเดเต เดเดฒเตเดฒเดฟเดเตเดเตเดเตเดเต เดเดจเตเดจเต เดฎเดฒเดฏเดพเดณเดคเตเดคเดฟเตฝ เดเดดเตเดคเดฟเดฏเดคเต เดถเดฐเดฟเดฏเดพเดฏเดฟเดฒเตเดฒ...,2
1174982517214121984,2019-09-20 09:43:56,เดเดดเตเดคเดฏเตเดเต เดตเดพเดฏ เดเดธเต เดนเตเดณเดพเดฏเดฟ เดเดฃเดเตเดเดพเดเตเดเดพเดฎเต?,5
1174978371597393926,2019-09-20 09:27:28,เดเดพเดจเดตเดจเดฒเตเดฒ.,0
1174645353863352321,2019-09-19 11:24:10,เดฑเตเดเตเดเตปเดเตเดฎเดพเดฑเตเดฑเตเดธเตเด เดเตเดฒเตเดฒเดฟเดเตเดเตเดเตเดเดฟเดจเตเดชเตเดชเดฑเตเดฑเดฟ เดชเดฑเดเตเดเต; เดเดจเดฟ เดฎเดพเดฐเดเดเตเดเดฟเดฏเตเดเต เดฑเดฟเดตเตเดฏเต เดเตเดเดฟ เดเดฑเดเตเดเดฟเดฏเดพเตฝ เดฎเดคเดฟ.  https://t.co/6U3IhtiRQc,5
1174541023986499584,2019-09-19 04:29:36,เดชเตเดฐเตเดทเดจเตเดฑเต เดนเตเดฆเดฏเดญเดพเดเดคเตเดคเตเดเตเดฏเดพเดฃเต เดเดถเตเดตเดฐ เดเตเดคเดจเตเดฏเด เดเดฏเดฑเตเดจเตเดจเดคเตเดเตเดเดฟเตฝ; เดเดตเดฟเดเต เดคเตเดณเดฏเตเดณเตเดณเตเดฐเต เดทเตผเดเตเดเดฟเดฑเดเตเดเดฟเดฏเดพเตฝ เดชเตเดฐเต?,0
1174330136071741447,2019-09-18 14:31:37,"เดนเดฏเตเดฏเต., เดเดพเดจเดฟเดจเตเดจเต เดเตเดตเตเดฑเตเดฑเตเดจเตเดจเตเดฎเดฟเดเตเดเดฟเดฒเตเดฒเต!",0
1174018335685718017,2019-09-17 17:52:38,เดชเตเดฐเดตเดพเดธเดฟเดเดณเต เดฆเดฟเดคเดฟเดฒเต เดฆเดฟเดคเดฟเดฒเต...  https://t.co/7RKzbmDXrM,0
1173983875829239809,2019-09-17 15:35:42,"'เดเดเตเดเดพ, เดเตเดฏเดฟ เดฌเดพเดคเตเดคเต เดจเดนเต'  เดเดเตเดเดพ, เดเตเดดเดฟเดฏเต เดเตเดณเดฟเดชเตเดชเดฟเดเตเดเดฃเตเด!  #เดนเดนเดน https://t.co/gQFQ8NJtsF",5
1173939876431060994,2019-09-17 12:40:51,เดเดจเตเดคเตเดเตเดเตเดชเตเดชเดฑเดเตเดเดพเดฒเตเด เดฑเตเดธเดฟเดธเดคเตเดคเดฟเดจเตเดคเดฟเดฐเตเดฏเตเด เดเตเดจเตเดฑเตผ เดกเดฟเดธเตเดเตเดฐเดฟเดฎเดฟเดจเตเดทเดจเตเดคเดฟเดฐเตเดฏเตเด เดชเดพเดฐเดฒเตฝ- เดฎเตเดฏเดฟเตปเดธเตเดเตเดฐเตเด เดเตเดตเตเดชเตเดชเตเดเตพ เดเดฑเตเดฑเดเตเดเตเดเตเดเดพเดฏเดฟโฆ https://t.co/NaSJugJKrR,3
1173931619893338114,2019-09-17 12:08:03,เดเดฐเดฎเตเดฎ เดชเตเดฑเตเดฑ เดเดณเดฟเดฏเตปเดฎเดพเตผ.  #เดนเดนเดน #เดเดฟเดเตเดตเดฟเดฑเตเดฑเต https://t.co/5k7olQjK9F,51
1173927449123610624,2019-09-17 11:51:29,"เดนเดฏเตเดฏเต., เดฒเดพเดธเตเดฑเตเดฑเต เดเตเดตเตเดฑเตเดฑเดฟเดฒเตเดฐเต เดเตเด เดตเดฏเตเดเตเดเดพเตป เดฎเดฑเดจเตเดจเต!",0
1173914946712866816,2019-09-17 11:01:48,เดธเตเดตเดฏเด เดชเตเดเตเดเดฟเดเดณเดพเดฏ เดฎเตเดฏเดฟเตป เดธเตเดเตเดฐเตเด เดเตเดเตเดเตปเดฎเดพเดฐเตเด เดฎเตเดเต เดคเดพเดเตเดเดฟเดเดณเดพเดฏ เดฎเตเดฏเดฟเตปเดธเตเดเตเดฐเตเด เดเตเดเตเดเดฟเดฎเดพเดฐเตเด.  #เดเตเดจเตเดฑเตผเดถเตเดฐเดฆเตเดงเดฟเดเตเดเตเดธเตเตผเดคเตเดคเต https://t.co/zrXPVkCMC1,1
1173701543314493440,2019-09-16 20:53:48,เดฎเดฐเดฃเดตเดฟเดตเดพเดฆเดคเตเดคเดฟเตฝ เดจเดฟเดจเตเดจเต เดชเตเดฐเดเตเดฆเดจเด เดเตพเดเตเดเตเดฃเตเดเต เด.เดฎ.เดฏเต เดเดจเตเดจเตเดเต เดเดพเดฃเตเดตเดพเดฃเต!,0
1173698276266270720,2019-09-16 20:40:49,เดฑเต เดเดเดจเตเดฑเดฟเดจเต เดคเตเดฃเตเดฃเตเดฑเต เดกเดฟเดเตเดฐเดฟ เดเตเดฐเดฟเดเตเดเดพเตฝ เดเตเดณเด เดเดเดจเตเดฑเดพเดเตเดเดพเดฎเต?  #เดนเดนเดน :( https://t.co/7xCaNPirzF,24
1173681522219634690,2019-09-16 19:34:15,เดฎเดพเดฐเดเตป เด.เดฎ.เดฏเต เดจเตเดชเตเดชเดฑเตเดฑเดฟ เดฑเดฟเดตเตเดฏเต เดเดเตเดเดฟเดฐเตเดจเตเดจเต? เดชเตเดฒเตเดธเต เดนเตเตฝเดชเตเดชเต!,4
1173490427175014400,2019-09-16 06:54:54,(เด+เด)^2 = เด^2 + 2เดเด + เด^2  #เดชเดฟเดเดธเตเดธเตเดเตเดตเดธเตเดฑเตเดฑเตเดฏเดจเดฟเตปเดฎเดฒเดฏเดพเดณเด,1
1171749273366663168,2019-09-11 11:36:11,เดชเดฃเตเดเต เดชเดฃเตเดเต เดฆเดฟเดจเตเดธเดฑเตเดเตพเดเตเดเตเด เดฎเตเดฎเตเดชเต เดเดตเดฟเดเต 'เดเตเดเตป' เดเดจเตเดจเตเดฐเต เดเดพเดคเดฟเดฏเต เดเดฃเตเดเดพเดฏเดฟเดฐเตเดจเตเดจเตเดณเตเดณเต.  เดเดคเดพเดฃเต เดชเดฟเดจเตเดจเตเดเต เดชเดฐเดฟเดฃเดฎเดฟเดเตเดเต เดคเตเดเตเดโฆ https://t.co/YCkCd3sCqD,12
1171505976643477504,2019-09-10 19:29:25,เดคเดฃเตเดคเตเดค เดเดเตเดเดฟเดเตเดเดฑเดฟเดฏเตเดชเตเดชเดฑเตเดฑเดฟ เดฎเดฟเดฎเดฟเดเตเดฐเดฟเดธเตผ เดเดตเตเดทเดฃเดเตเดเดณเดฟเดฒเดพเดฃเต. เดถเดพเดธเตเดคเตเดฐเตเดฏเดฎเดพเดฏ เดเดชเดเตเดฐเดฅเดจเดคเตเดคเดฟเดจเต เดถเตเดทเดฎเต เดเดคเดฟเดจเต เดตเตเดฏเดเตเดคเดฎเดพเดฏ เดเดฐเตเดคเตเดคเดฐเด เดฒเดญเดฟเดเตเดเต...,1
1171330329682092032,2019-09-10 07:51:27,เดเตเดเตเดเดฟเดฏเตเดเต เดเดฃเดฎเตเดเตเดเตเดฏเดพเดฃเต เดเดฃเด. เดจเดฎเตเดฎเตเดเตเดคเตเดเตเดเต เดตเตเดฑเตเด...,1
1171330186757005312,2019-09-10 07:50:53,เดเดฃเดฎเดพเดฏเต เดเตเดเตเดเตเดเดพเดฐเต!,0
1103954734073954305,2019-03-08 09:44:53,เดเต,0
1103701390562656257,2019-03-07 16:58:11,เดซเตเดณเต เดเตเดฏเตเดคเตเดชเดฆเตเดฐเดตเดฟเดเตเดเดฐเตเดคเต... เดคเดฟเดฐเดฟเดเตเดเต เดชเตเดเดพเตป เดตเดจเตเดจเดคเดพเดฃเต...,6
1103692638757310471,2019-03-07 16:23:25,"เดถเตเดฐเดฆเตเดงเดฟเดเตเดเต เดจเตเดเตเดเต เดธเตเดนเตเดคเตเดคเต, เดเตเตบเดธเตเดฑเตเดฑเดฟเดชเตเดชเตเดทเดจเดพเดฃเต.! https://t.co/HVgIXH2Hih",1
1103692173399281665,2019-03-07 16:21:34,เดเดจเดฟเดเตเดเต เดตเตเดฑเต เดฌเตเดฐเดพเดเตเดเตเดเดณเดฟเดฒเตเดฒเตเดเดพ.,0
1103690623411015682,2019-03-07 16:15:24,เดจเดฟเดเตเดเดณเตเดฒเตเดฒเดพเดเตเดเตเดเต เดเดจเตเดจเต เดตเตเดฃเตเดเตเด เดเตเดตเตเดฑเตเดฑเดฟเดเตเดเตเดฎเตเดจเตเดจเต เดคเตเดจเตเดจเตเดจเตเดจเดฒเตเดฒเต!,54
1068109729019383813,2018-11-29 11:49:38,๐ถ,2
